TEXT,,,,,,,,,,,,,,,,SENTIMENT
RT @HiveBlockchain: The $100 million financing will allow $HIVE to maintain its $BTC mining and HOLDing momentum by expanding its productio‚Ä¶,,,,,,,,,,,,,,,,POSITIVE
"Thank you Dr @amanuel_herrera for delivering the 2021 Frank Hansford-Miller Lecture: ""Research in Engineering Stati‚Ä¶ https://t.co/dacIDJEjpO",,,,,,,,,,,,,,,,POSITIVE
"@MoonshotPhoto @MartinWongLife But then if they want more money, they might have to turn to FB model and add more ads or mining data",,,,,,,,,,,,,,,,NEGATIVE
"United Nations Development Programme (UNDP) is hiring: Research Assistant Consultant- Evaluation...

RESEARCH ASSIS‚Ä¶ https://t.co/2zAqByxtBx",,,,,,,,,,,,,,,,POSITIVE
@bruhoho @AriXenon @Luke_Deadlakes @tomwarren Anroid 12 is the easiest example and the overwhelming amount of priva‚Ä¶ https://t.co/d99khW3o07,,,,,,,,,,,,,,,,POSITIVE
RT @JoanBloggs: @WhteRbbnAdvocat @xskinn @WgarNews @BroccoliniBaby @LennaLeprena @HunterP75648286 @GoldSuzie @MicheleScheffl1 @LadyPoop2 @d‚Ä¶,,,,,,,,,,,,,,,,NEGATIVE
"RT @diamondblue777: So, #TravisScott  has partnered with #betterhelp to provide a month of counseling to anyone traumatized by attending hi‚Ä¶",,,,,,,,,,,,,,,,NEGATIVE
I would enjoy yeeting this data mining bird app into the cold embers of a dead sun,,,,,,,,,,,,,,,,POSITIVE
"Reminder that social media is for cops and data mining. 

cause like why we got this but not ‚Äúthis user is a regist‚Ä¶ https://t.co/MMQMB4WdZp",,,,,,,,,,,,,,,,NEGATIVE
RT @laralogan: Pfizer has Large R&amp;D Facility in Wuhan China; Pfizer Employed Members of the Chinese Communist Party According to a Data Lea‚Ä¶,,,,,,,,,,,,,,,,NEGATIVE
"@Judyhew70906138 I know several people who, although being big animal lovers, will not sign petitions. Some petitio‚Ä¶ https://t.co/HIFdACMBDu",,,,,,,,,,,,,,,,POSITIVE
"RT @pichette: Thrilled to join the Board of Neo4j. Amazing Company and Mission. The future of data mining belongs to graph.
https://t.co/gb‚Ä¶",,,,,,,,,,,,,,,,-
"How Data Is Reshaping Real Estate.

""The growth of data mining has attracted more entrepreneurs, who are eager to c‚Ä¶ https://t.co/MZWxush3qA",,,,,,,,,,,,,,,,-
RT @HiveBlockchain: The $100 million financing will allow $HIVE to maintain its $BTC mining and HOLDing momentum by expanding its productio‚Ä¶,,,,,,,,,,,,,,,,NEGATIVE
@LionelMedia Data mining exercise,,,,,,,,,,,,,,,,POSITIVE
"RT @Cointelegraph: There‚Äôs gold in them hills! 

Crypto mining company @ArgoBlockchain has some big plans for its Texas data center, and wi‚Ä¶",,,,,,,,,,,,,,,,-
"RT @reinedeloup: Idk y'all but isn't that ""post your own"" IG story thing just data mining you/advancing machine image recognition?",,,,,,,,,,,,,,,,POSITIVE
RT @JoanBloggs: @WhteRbbnAdvocat @xskinn @WgarNews @BroccoliniBaby @LennaLeprena @HunterP75648286 @GoldSuzie @MicheleScheffl1 @LadyPoop2 @d‚Ä¶,,,,,,,,,,,,,,,,NEGATIVE
RT @JoanBloggs: @WhteRbbnAdvocat @xskinn @WgarNews @BroccoliniBaby @LennaLeprena @HunterP75648286 @GoldSuzie @MicheleScheffl1 @LadyPoop2 @d‚Ä¶,,,,,,,,,,,,,,,,POSITIVE
"RT @diamondblue777: So, #TravisScott  has partnered with #betterhelp to provide a month of counseling to anyone traumatized by attending hi‚Ä¶",,,,,,,,,,,,,,,,POSITIVE
"@claymorespears @Neqtuen Yeah, data mining for blockchain integrated things such as cryptocurrency and especially n‚Ä¶ https://t.co/kWVQBYP79s",,,,,,,,,,,,,,,,NEGATIVE
I really wish Chase would stop sending me emails every other day about debit cards for kids. I have no kids. I also‚Ä¶ https://t.co/Tnl6CvQgw9,,,,,,,,,,,,,,,,NEGATIVE
RT @HiveBlockchain: The $100 million financing will allow $HIVE to maintain its $BTC mining and HOLDing momentum by expanding its productio‚Ä¶,,,,,,,,,,,,,,,,POSITIVE
RT @HiveBlockchain: The $100 million financing will allow $HIVE to maintain its $BTC mining and HOLDing momentum by expanding its productio‚Ä¶,,,,,,,,,,,,,,,,POSITIVE
RT @JoanBloggs: @WhteRbbnAdvocat @xskinn @WgarNews @BroccoliniBaby @LennaLeprena @HunterP75648286 @GoldSuzie @MicheleScheffl1 @LadyPoop2 @d‚Ä¶,,,,,,,,,,,,,,,,POSITIVE
RT @JoanBloggs: @WhteRbbnAdvocat @xskinn @WgarNews @BroccoliniBaby @LennaLeprena @HunterP75648286 @GoldSuzie @MicheleScheffl1 @LadyPoop2 @d‚Ä¶,,,,,,,,,,,,,,,,NEGATIVE
@WhteRbbnAdvocat @xskinn @WgarNews @BroccoliniBaby @LennaLeprena @HunterP75648286 @GoldSuzie @MicheleScheffl1‚Ä¶ https://t.co/W1iegkYSvb,,,,,,,,,,,,,,,,POSITIVE
RT @BabaNakko: @MrsGandhi @zoo_bear This is very old video as described by Zoobear. Even if ppl in video are wearing masks and are spitting‚Ä¶,,,,,,,,,,,,,,,,POSITIVE
RT @HiveBlockchain: The $100 million financing will allow $HIVE to maintain its $BTC mining and HOLDing momentum by expanding its productio‚Ä¶,,,,,,,,,,,,,,,,NEGATIVE
"RT @Cointelegraph: There‚Äôs gold in them hills! 

Crypto mining company @ArgoBlockchain has some big plans for its Texas data center, and wi‚Ä¶",,,,,,,,,,,,,,,,-
@Jayyceon Check out @mattyoukhana_ and @kaphotics if you want some info about the games. They're the ones who are a‚Ä¶ https://t.co/yEk3aweKNB,,,,,,,,,,,,,,,,POSITIVE
"There‚Äôs gold in them hills! 

Crypto mining company @ArgoBlockchain has some big plans for its Texas data center, a‚Ä¶ https://t.co/nqtN2cIFBb",,,,,,,,,,,,,,,,-
"RT @pichette: Thrilled to join the Board of Neo4j. Amazing Company and Mission. The future of data mining belongs to graph.
https://t.co/gb‚Ä¶",,,,,,,,,,,,,,,,-
#DataEntry #DataMining Data Entry Mining: hopefully we wish to meet a resalable data entry highly skilled data entr‚Ä¶ https://t.co/HBKR4qll5J,,,,,,,,,,,,,,,,NEGATIVE
"@gummibear737 I agree. Too much data mining on both sides. 
I still believe that the ultimate metric will be excess‚Ä¶ https://t.co/AsijkLQPGP",,,,,,,,,,,,,,,,NEGATIVE
"RT @diamondblue777: So, #TravisScott  has partnered with #betterhelp to provide a month of counseling to anyone traumatized by attending hi‚Ä¶",,,,,,,,,,,,,,,,NEGATIVE
"RT @fobi_inc: AI DATA IN MINING -&gt; As recently mentioned by Fobi partner Alex Klenman CEO of @AzincourtAAZ, if a #mining company can levera‚Ä¶",,,,,,,,,,,,,,,,POSITIVE
"RT @swashapp: Wondering how to earn rewards from your Swash tokens? ü§î

You can stake $SWASH on @Uniswap V3.

All you need to know üëá
https:/‚Ä¶",,,,,,,,,,,,,,,,-
"RT @leon_texas: Ravencoin has had a phenomenal year. Look at that data!

I think in the coming year we will 10X these numbers.

There is so‚Ä¶",,,,,,,,,,,,,,,,-
@WholeMarsBlog And some people who run data mining websites? Lol! https://t.co/Btuf3CWZKw,,,,,,,,,,,,,,,,NEGATIVE
Kewanee City Council gets sticker shock over data-mining proposal - Kewanee Star Courier https://t.co/yg3q2zPbGb,,,,,,,,,,,,,,,,NEGATIVE
RT @laralogan: Pfizer has Large R&amp;D Facility in Wuhan China; Pfizer Employed Members of the Chinese Communist Party According to a Data Lea‚Ä¶,,,,,,,,,,,,,,,,NEGATIVE
Geeking out at the data mining on Pok√©mon Brilliant Diamond and Shining Pearl. Trying to figure out the right teams‚Ä¶ https://t.co/Zh2itmVaH1,,,,,,,,,,,,,,,,NEGATIVE
"RT @chris__kaiser: feels like a good time to point out that one year ago, Council declined to adopt rules that would have required consider‚Ä¶",,,,,,,,,,,,,,,,NEGATIVE
RT @HiveBlockchain: The $100 million financing will allow $HIVE to maintain its $BTC mining and HOLDing momentum by expanding its productio‚Ä¶,,,,,,,,,,,,,,,,POSITIVE
"RT @leon_texas: Ravencoin has had a phenomenal year. Look at that data!

I think in the coming year we will 10X these numbers.

There is so‚Ä¶",,,,,,,,,,,,,,,,POSITIVE
"RT @diamondblue777: So, #TravisScott  has partnered with #betterhelp to provide a month of counseling to anyone traumatized by attending hi‚Ä¶",,,,,,,,,,,,,,,,POSITIVE
"RT @diamondblue777: So, #TravisScott  has partnered with #betterhelp to provide a month of counseling to anyone traumatized by attending hi‚Ä¶",,,,,,,,,,,,,,,,NEGATIVE
RT @contentrulesinc: Content management is critical to #AI effectiveness in data mining dark #content and determining future applications s‚Ä¶,,,,,,,,,,,,,,,,NEGATIVE
"@shoes002 @PMC713 I don't: I have a right to free speech, but Twitter is a private meta-data mining company, so I c‚Ä¶ https://t.co/i2wDXroDec",,,,,,,,,,,,,,,,NEGATIVE
My problem is the privacy aspect and the government mining the data. BABYLON TING. If there were a way to do it wit‚Ä¶ https://t.co/MNwzxxjuvw,,,,,,,,,,,,,,,,POSITIVE
"RT @pichette: Thrilled to join the Board of Neo4j. Amazing Company and Mission. The future of data mining belongs to graph.
https://t.co/gb‚Ä¶",,,,,,,,,,,,,,,,-
"Idk y'all but isn't that ""post your own"" IG story thing just data mining you/advancing machine image recognition?",,,,,,,,,,,,,,,,POSITIVE
RT @HiveBlockchain: The $100 million financing will allow $HIVE to maintain its $BTC mining and HOLDing momentum by expanding its productio‚Ä¶,,,,,,,,,,,,,,,,POSITIVE
This means we can only create the tool after we know the specifics. You can't download it. You must build it. And t‚Ä¶ https://t.co/Nhh4eTcSri,,,,,,,,,,,,,,,,POSITIVE
RT @HiveBlockchain: The $100 million financing will allow $HIVE to maintain its $BTC mining and HOLDing momentum by expanding its productio‚Ä¶,,,,,,,,,,,,,,,,POSITIVE
Content management is critical to #AI effectiveness in data mining dark #content and determining future application‚Ä¶ https://t.co/OjFNb6EhYV,,,,,,,,,,,,,,,,POSITIVE
"@kelly_rdc Fascistbook.  All data mining, &amp; ALL nefarious behavior. Additionally, I‚Äôd incentivize it by making the subscribers part owners.",,,,,,,,,,,,,,,,POSITIVE
RT @HiveBlockchain: The $100 million financing will allow $HIVE to maintain its $BTC mining and HOLDing momentum by expanding its productio‚Ä¶,,,,,,,,,,,,,,,,POSITIVE
RT @HiveBlockchain: The $100 million financing will allow $HIVE to maintain its $BTC mining and HOLDing momentum by expanding its productio‚Ä¶,,,,,,,,,,,,,,,,NEGATIVE
"RT @TheLensNOLA: The plan would also add thousands of new ‚Äúsmart cities‚Äù devices, all of which are equipped with cameras and other data col‚Ä¶",,,,,,,,,,,,,,,,NEGATIVE
"RT @diamondblue777: So, #TravisScott  has partnered with #betterhelp to provide a month of counseling to anyone traumatized by attending hi‚Ä¶",,,,,,,,,,,,,,,,NEGATIVE
"RT @fobi_inc: AI DATA IN MINING -&gt; As recently mentioned by Fobi partner Alex Klenman CEO of @AzincourtAAZ, if a #mining company can levera‚Ä¶",,,,,,,,,,,,,,,,NEGATIVE
RT @MKrallinger: #biocreative Panel Challenges in mining adverse drug reactions. Graciela Gonzalez (UPenn): use of social media for digital‚Ä¶,,,,,,,,,,,,,,,,POSITIVE
RT @MKrallinger: #biocreative Panel Challenges in mining adverse drug reactions. Graciela Gonzalez (UPenn): mining Adverse Events from soci‚Ä¶,,,,,,,,,,,,,,,,NEGATIVE
RT @HiveBlockchain: The $100 million financing will allow $HIVE to maintain its $BTC mining and HOLDing momentum by expanding its productio‚Ä¶,,,,,,,,,,,,,,,,POSITIVE
"RT @zamaan_qureshi: SCL Group news in Bangladesh: ""British data mining and analytics firm SCL has partnered up with the Dhaka Stock Exchang‚Ä¶",,,,,,,,,,,,,,,,NEGATIVE
@JCristoveanu @Stringfellowww @SusanDelacourt @erinotoole @PierrePoilievre I don‚Äôt know if they currently do but th‚Ä¶ https://t.co/YCNzeeEh56,,,,,,,,,,,,,,,,POSITIVE
RT @HiveBlockchain: The $100 million financing will allow $HIVE to maintain its $BTC mining and HOLDing momentum by expanding its productio‚Ä¶,,,,,,,,,,,,,,,,NEGATIVE
"RT @redgate: In this article @SQLSuperGuru creates five different visualizations in #Tableau Desktop to gain insights into themes, identify‚Ä¶",,,,,,,,,,,,,,,,NEGATIVE
This is insane I can‚Äôt believe I‚Äôve lived through the commodification of self care to the point where a negligent m‚Ä¶ https://t.co/3jPMEquTh1,,,,,,,,,,,,,,,,NEGATIVE
RT @HiveBlockchain: The $100 million financing will allow $HIVE to maintain its $BTC mining and HOLDing momentum by expanding its productio‚Ä¶,,,,,,,,,,,,,,,,NEGATIVE
"RT @KetanJ0: If there's one thing Bitcoin Bros are notably fine with, it's making less money!

(there is a reason these articles never incl‚Ä¶",,,,,,,,,,,,,,,,POSITIVE
Data Mining Fundamentals For Beginners https://t.co/SrlBukdFXa  #machinelearning #datascience #bigdata #AI #learning #elearning #ad,,,,,,,,,,,,,,,,POSITIVE
"Drawing out the business-needed data from various sources with our data mining services.
Read More:‚Ä¶ https://t.co/Nrmjm3Z4b5",,,,,,,,,,,,,,,,POSITIVE
@Balshumet @AlexArgow @CatsLoveBread @cdngdev @jasoncitron @packyM @mariogabriele @discord shall we include all of‚Ä¶ https://t.co/J2Vm3tIgMO,,,,,,,,,,,,,,,,POSITIVE
RT @HiveBlockchain: The $100 million financing will allow $HIVE to maintain its $BTC mining and HOLDing momentum by expanding its productio‚Ä¶,,,,,,,,,,,,,,,,NEGATIVE
RT @HiveBlockchain: The $100 million financing will allow $HIVE to maintain its $BTC mining and HOLDing momentum by expanding its productio‚Ä¶,,,,,,,,,,,,,,,,POSITIVE
In the mood to leave my data mining class and go stand in the elevator for some excitement,,,,,,,,,,,,,,,,POSITIVE
"RT @DarkRanger_Sis: I hate the part where everyone is aware that the ptr is about to push a patch but, no one knows when üò≠üò≠üò≠

9.2 data-mini‚Ä¶",,,,,,,,,,,,,,,,POSITIVE
"RT @reclaimuc: ""According to its FAQs, UATX is 'fiscally sponsored' by a little-known nonprofit called Cicero Research. According to public‚Ä¶",,,,,,,,,,,,,,,,POSITIVE
#biocreative Panel Challenges in mining adverse drug reactions. Graciela Gonzalez (UPenn): mining Adverse Events fr‚Ä¶ https://t.co/kZgHOjJOsN,,,,,,,,,,,,,,,,NEGATIVE
"""According to its FAQs, UATX is 'fiscally sponsored' by a little-known nonprofit called Cicero Research. According‚Ä¶ https://t.co/Vk14OYrR9F",,,,,,,,,,,,,,,,NEGATIVE
"RT @KetanJ0: If there's one thing Bitcoin Bros are notably fine with, it's making less money!

(there is a reason these articles never incl‚Ä¶",,,,,,,,,,,,,,,,POSITIVE
In this article @SQLSuperGuru creates five different visualizations in #Tableau Desktop to gain insights into theme‚Ä¶ https://t.co/9ai6rtfuUg,,,,,,,,,,,,,,,,NEGATIVE
RT @HiveBlockchain: The $100 million financing will allow $HIVE to maintain its $BTC mining and HOLDing momentum by expanding its productio‚Ä¶,,,,,,,,,,,,,,,,NEGATIVE
The copper price rose on Monday as worries about demand in top consumer China were offset by strong export growth d‚Ä¶ https://t.co/GSgAGllQnB,,,,,,,,,,,,,,,,NEGATIVE
#biocreative Panel Challenges in mining adverse drug reactions. Graciela Gonzalez (UPenn): use of social media for‚Ä¶ https://t.co/VuHF9xeQeV,,,,,,,,,,,,,,,,NEGATIVE
RT @HiveBlockchain: The $100 million financing will allow $HIVE to maintain its $BTC mining and HOLDing momentum by expanding its productio‚Ä¶,,,,,,,,,,,,,,,,POSITIVE
"RT @zamaan_qureshi: SCL Group news in Bangladesh: ""British data mining and analytics firm SCL has partnered up with the Dhaka Stock Exchang‚Ä¶",,,,,,,,,,,,,,,,POSITIVE
"If there's one thing Bitcoin Bros are notably fine with, it's making less money!

(there is a reason these articles‚Ä¶ https://t.co/PFlX3fZk40",,,,,,,,,,,,,,,,POSITIVE
RT @HiveBlockchain: The $100 million financing will allow $HIVE to maintain its $BTC mining and HOLDing momentum by expanding its productio‚Ä¶,,,,,,,,,,,,,,,,NEGATIVE
RT @HiveBlockchain: The $100 million financing will allow $HIVE to maintain its $BTC mining and HOLDing momentum by expanding its productio‚Ä¶,,,,,,,,,,,,,,,,NEGATIVE
"RT @zamaan_qureshi: SCL Group news in Bangladesh: ""British data mining and analytics firm SCL has partnered up with the Dhaka Stock Exchang‚Ä¶",,,,,,,,,,,,,,,,POSITIVE
"@INArteCarloDoss And this kids, is called data mining.",,,,,,,,,,,,,,,,POSITIVE
RT @HiveBlockchain: The $100 million financing will allow $HIVE to maintain its $BTC mining and HOLDing momentum by expanding its productio‚Ä¶,,,,,,,,,,,,,,,,POSITIVE
"RT @pichette: Thrilled to join the Board of Neo4j. Amazing Company and Mission. The future of data mining belongs to graph.
https://t.co/gb‚Ä¶",,,,,,,,,,,,,,,,POSITIVE
"SCL Group news in Bangladesh: ""British data mining and analytics firm SCL has partnered up with the Dhaka Stock Exc‚Ä¶ https://t.co/h31Io2r6HJ",,,,,,,,,,,,,,,,NEGATIVE
"NUR-SULTAN, Kazakhstan, Nov. 09, 2021 (GLOBE NEWSWIRE) ‚Äî The¬†National Association of Blockchain and Data Center Ind‚Ä¶ https://t.co/YPSvdDYHzu",,,,,,,,,,,,,,,,NEGATIVE
RT @FatigueScience: Technology can now uncover hidden high-risk #fatigue areas within your #workforce that you previously had no other way‚Ä¶,,,,,,,,,,,,,,,,NEGATIVE
"RT @chris__kaiser: feels like a good time to point out that one year ago, Council declined to adopt rules that would have required consider‚Ä¶",,,,,,,,,,,,,,,,NEGATIVE
RT @HiveBlockchain: The $100 million financing will allow $HIVE to maintain its $BTC mining and HOLDing momentum by expanding its productio‚Ä¶,,,,,,,,,,,,,,,,NEGATIVE
#biocreative Panel Challenges in mining adverse drug reactions. Ozlem Uzuner  (George Mason Univ./MIT):  difficult‚Ä¶ https://t.co/LpUW042NEk,,,,,,,,,,,,,,,,NEGATIVE
Hyzon Motors and ITOCHU to pursue decarbonization in the global mining sector ‚Äì Company Announcement -‚Ä¶ https://t.co/v4N0q40Btj,,,,,,,,,,,,,,,,NEGATIVE
RT @HiveBlockchain: The $100 million financing will allow $HIVE to maintain its $BTC mining and HOLDing momentum by expanding its productio‚Ä¶,,,,,,,,,,,,,,,,POSITIVE
"RT @ConsumerReports: Can a Smart TV be too smart for its own good? Our experts say, ‚Äúyes!‚Äù From privacy concerns to data mining, do the sma‚Ä¶",,,,,,,,,,,,,,,,POSITIVE
RT @laralogan: Pfizer has Large R&amp;D Facility in Wuhan China; Pfizer Employed Members of the Chinese Communist Party According to a Data Lea‚Ä¶,,,,,,,,,,,,,,,,NEGATIVE
"RT @stocksrockman: $PCLI is building out crypto mining data centers

 $FERN $CBTC $NSAV $KYNC https://t.co/q0fPw4g1Jn",,,,,,,,,,,,,,,,POSITIVE
RT @HiveBlockchain: The $100 million financing will allow $HIVE to maintain its $BTC mining and HOLDing momentum by expanding its productio‚Ä¶,,,,,,,,,,,,,,,,NEGATIVE
@CJohnsonYCCD Hillary‚Äôs polls were more accurate than this.  All this data mining and they couldn‚Äôt scan my Twitter‚Ä¶ https://t.co/bn36IqOLz0,,,,,,,,,,,,,,,,POSITIVE
RT @HiveBlockchain: The $100 million financing will allow $HIVE to maintain its $BTC mining and HOLDing momentum by expanding its productio‚Ä¶,,,,,,,,,,,,,,,,POSITIVE
RT @HiveBlockchain: The $100 million financing will allow $HIVE to maintain its $BTC mining and HOLDing momentum by expanding its productio‚Ä¶,,,,,,,,,,,,,,,,POSITIVE
"I support data mining, preservation, and emulation but this is not good for the industry. The game hasn't even rele‚Ä¶ https://t.co/vofvxF86mG",,,,,,,,,,,,,,,,POSITIVE
RT @HiveBlockchain: The $100 million financing will allow $HIVE to maintain its $BTC mining and HOLDing momentum by expanding its productio‚Ä¶,,,,,,,,,,,,,,,,NEGATIVE
RT @HiveBlockchain: The $100 million financing will allow $HIVE to maintain its $BTC mining and HOLDing momentum by expanding its productio‚Ä¶,,,,,,,,,,,,,,,,NEGATIVE
RT @HiveBlockchain: The $100 million financing will allow $HIVE to maintain its $BTC mining and HOLDing momentum by expanding its productio‚Ä¶,,,,,,,,,,,,,,,,POSITIVE
RT @HiveBlockchain: The $100 million financing will allow $HIVE to maintain its $BTC mining and HOLDing momentum by expanding its productio‚Ä¶,,,,,,,,,,,,,,,,POSITIVE
The $100 million financing will allow $HIVE to maintain its $BTC mining and HOLDing momentum by expanding its produ‚Ä¶ https://t.co/FsNQjS5NRd,,,,,,,,,,,,,,,,POSITIVE
#biocreative Panel Challenges in mining adverse drug reactions. Monica Mu√±oz (FDA): opportunities for Text Mining t‚Ä¶ https://t.co/966TGKyeIN,,,,,,,,,,,,,,,,NEGATIVE
@natlyjune @skooks Data mining for fun and profit!,,,,,,,,,,,,,,,,POSITIVE
As #insurancebrokers¬†you have a trove of data sitting in your BMS. And it may seem like random bits and pieces. But‚Ä¶ https://t.co/in49zBnuKY,,,,,,,,,,,,,,,,POSITIVE
"feels like a good time to point out that one year ago, Council declined to adopt rules that would have required con‚Ä¶ https://t.co/45VG23F2du",,,,,,,,,,,,,,,,POSITIVE
"@watsoncomedian if it's like retail ""clubcards"" in u.s., you've also sidestepped the mining of your data and a cons‚Ä¶ https://t.co/VXF8Bx1Lmi",,,,,,,,,,,,,,,,NEGATIVE
"RT @uptimeVR: Whistleblower Says Zuck's Vision For Our Multiverse Will Be An Addictive, Data-Mining Monopoly  https://t.co/QpRu30Su93 #vr #‚Ä¶",,,,,,,,,,,,,,,,POSITIVE
"no, you never call harry out for nothing, dynamic pricing, is involved in data mining and DEMAND, sells $1000 conce‚Ä¶ https://t.co/3qQaL5a6dL",,,,,,,,,,,,,,,,POSITIVE
"Whistleblower Says Zuck's Vision For Our Multiverse Will Be An Addictive, Data-Mining Monopoly  https://t.co/QpRu30Su93 #vr #virtualreality",,,,,,,,,,,,,,,,POSITIVE
"(to be back spamming my prayer circle before DLC.)

Real talk tho, if I were them, given Playstation is NOT immune‚Ä¶ https://t.co/tBAntcrID2",,,,,,,,,,,,,,,,NEGATIVE
"@SenSchumer This a lie Elon musk not the richest man in the country or the world, I Am (Keenon Lowe) is from the Lo‚Ä¶ https://t.co/Iy9gw93yRc",,,,,,,,,,,,,,,,POSITIVE
"@KimZimmerman1 @BoldRudy @jonathanwhatley @JessicaHuseman Apparently some ""research"" group is attached to it so I'm‚Ä¶ https://t.co/p9c3kjN2Zy",,,,,,,,,,,,,,,,NEGATIVE
I applaud ‚ÄúRon‚Äôs Gone Wrong‚Äù for teaching kids about the very real problems of social media addiction and companies‚Ä¶ https://t.co/lUPdn4CplT,,,,,,,,,,,,,,,,POSITIVE
Zuck is data mining your pets.,,,,,,,,,,,,,,,,POSITIVE
RT @CladisticsAlert: OPEN ACCESS: Phylogeny of gracillariid leaf-mining moths: evolution of larval behaviour inferred from phylogenomic and‚Ä¶,,,,,,,,,,,,,,,,POSITIVE
My favorite thing about youtube is comments that are just lines from the video and usually an lmao. Instead of Netf‚Ä¶ https://t.co/IZboQQJ4Ie,,,,,,,,,,,,,,,,NEGATIVE
"RT @misaacstein: One reason these ""smart cities"" projects have become so popular is that they don't require upfront government spending.

I‚Ä¶",,,,,,,,,,,,,,,,POSITIVE
"Businesses Should Employ Ethical Practices while Mining and
Using Data: https://t.co/C6l0j4vp7r #strategy #marketing #analytics #alexavery",,,,,,,,,,,,,,,,NEGATIVE
@QuinnyPig @awscloud They are mining data. The benefit of a captcha service is they are getting people to create mi‚Ä¶ https://t.co/SwpqpkIT95,,,,,,,,,,,,,,,,POSITIVE
"@Catch23Situatio @QuestionAll15 @87richards @drayeshaverrall So this article is over a month old, and was in prepri‚Ä¶ https://t.co/SQ1vKPaeR1",,,,,,,,,,,,,,,,NEGATIVE
"RT @IPOBoutique: Bitcoin mining company, Iris Energy Limited, sets terms for its #IPO.

Shares: 8.3 million
Price Range: $25.00-$27.00
Mark‚Ä¶",,,,,,,,,,,,,,,,POSITIVE
"Fiverr Gigs Promotion - FiverrBox - I will do spss, stata, r, excel for data ... - https://t.co/sBzcXHwL3K‚Ä¶ https://t.co/jDwokMTVgr",,,,,,,,,,,,,,,,POSITIVE
RT @that_shaman: Today's data-mining post and gemstore schedule for the next couple of months is up https://t.co/D7sN2LC86j,,,,,,,,,,,,,,,,NEGATIVE
"@ParkerMolloy @TwitterBlue The price seems outrageous.

It was estimated that if Facebook had charged a one time si‚Ä¶ https://t.co/RyfIAB2HPC",,,,,,,,,,,,,,,,POSITIVE
"RT @diamondblue777: So, #TravisScott  has partnered with #betterhelp to provide a month of counseling to anyone traumatized by attending hi‚Ä¶",,,,,,,,,,,,,,,,NEGATIVE
RT @laralogan: Pfizer has Large R&amp;D Facility in Wuhan China; Pfizer Employed Members of the Chinese Communist Party According to a Data Lea‚Ä¶,,,,,,,,,,,,,,,,NEGATIVE
*Me looking at the data mining info and leaks of Pok√©mon Brilliant Diamond and Shining Pearl*...the game is gonna b‚Ä¶ https://t.co/CxDAHPn8O0,,,,,,,,,,,,,,,,NEGATIVE
RT @that_shaman: Today's data-mining post and gemstore schedule for the next couple of months is up https://t.co/D7sN2LC86j,,,,,,,,,,,,,,,,POSITIVE
"RT @MiningInvictus: Would you better buy gold or a gold mine?

Invest in a data center and get a monthly return by mining #cryptocurrencies‚Ä¶",,,,,,,,,,,,,,,,POSITIVE
"RT @TheLensNOLA: The plan would also add thousands of new ‚Äúsmart cities‚Äù devices, all of which are equipped with cameras and other data col‚Ä¶",,,,,,,,,,,,,,,,POSITIVE
"RT @misaacstein: One reason these ""smart cities"" projects have become so popular is that they don't require upfront government spending.

I‚Ä¶",,,,,,,,,,,,,,,,NEGATIVE
"RT @diamondblue777: So, #TravisScott  has partnered with #betterhelp to provide a month of counseling to anyone traumatized by attending hi‚Ä¶",,,,,,,,,,,,,,,,NEGATIVE
"RT @MiningInvictus: Would you better buy gold or a gold mine?

Invest in a data center and get a monthly return by mining #cryptocurrencies‚Ä¶",,,,,,,,,,,,,,,,POSITIVE
Hive Blockchain is raising C$110 million through a special warrant offering to increase its mining capacity by 1 EH‚Ä¶ https://t.co/z6w7HH1P0C,,,,,,,,,,,,,,,,POSITIVE
RT @laralogan: Pfizer has Large R&amp;D Facility in Wuhan China; Pfizer Employed Members of the Chinese Communist Party According to a Data Lea‚Ä¶,,,,,,,,,,,,,,,,NEGATIVE
Text and Data Mining of In-Copyright Works: Is It Legal? | November 2021 | Communications of the ACM https://t.co/ltTxZ2yq1E,,,,,,,,,,,,,,,,NEGATIVE
- $RELI recently developed a platform that provides an easy and efficient way to shop and buy insurance using AI an‚Ä¶ https://t.co/QPoJz6yt7Y,,,,,,,,,,,,,,,,POSITIVE
RT @laralogan: Pfizer has Large R&amp;D Facility in Wuhan China; Pfizer Employed Members of the Chinese Communist Party According to a Data Lea‚Ä¶,,,,,,,,,,,,,,,,POSITIVE
"RT @misaacstein: One reason these ""smart cities"" projects have become so popular is that they don't require upfront government spending.

I‚Ä¶",,,,,,,,,,,,,,,,NEGATIVE
"RT @diamondblue777: So, #TravisScott  has partnered with #betterhelp to provide a month of counseling to anyone traumatized by attending hi‚Ä¶",,,,,,,,,,,,,,,,POSITIVE
@jortsrry nah I want you to write an essay criticizing your fav involving in data mining and HIM going ti google ca‚Ä¶ https://t.co/dFp1qrblKS,,,,,,,,,,,,,,,,NEGATIVE
"@dnop123 @LJAkaar67 @pmddomingos It's very relevant in AI, theory of consciousness, machine learning, and data mini‚Ä¶ https://t.co/fFwzu9KB2o",,,,,,,,,,,,,,,,POSITIVE
The penultimate data mining company in the world wants you to do business on their platform #Metaverse,,,,,,,,,,,,,,,,POSITIVE
"@TomGardnerFool https://t.co/19TqtpdRfh

motley fool will pump ai/data mining stocks. They'll short american compan‚Ä¶ https://t.co/Ki4AqMxm3V",,,,,,,,,,,,,,,,POSITIVE
@PogbaCeo @Utd_Mike_ Data mining algo sounds interesting,,,,,,,,,,,,,,,,POSITIVE
Data mining and posting BDSP gameplay and intricacies on the Twitter TL like that isn‚Äôt the most risky thing to do‚Ä¶ https://t.co/TVvAyuUhth,,,,,,,,,,,,,,,,POSITIVE
Data Mining Calculations:¬†(K-Means) https://t.co/NoC7KS1Als,,,,,,,,,,,,,,,,NEGATIVE
"RT @stoplapdspying: New first-look at our new AUTOMATING BANISHMENT report out today, from @JMBooyah

Read how LAPD and surveillance compan‚Ä¶",,,,,,,,,,,,,,,,POSITIVE
The Biden Administration is still pushing the largest data mining exercise in United States history by vowing to sn‚Ä¶ https://t.co/Bi0v5yGtAH,,,,,,,,,,,,,,,,POSITIVE
Businesses Should Employ Ethical Practices while Mining and Using Data https://t.co/u5K7EYQIIK,,,,,,,,,,,,,,,,NEGATIVE
"One reason these ""smart cities"" projects have become so popular is that they don't require upfront government spend‚Ä¶ https://t.co/hRKD4q0Rar",,,,,,,,,,,,,,,,NEGATIVE
Businesses Should Employ Ethical Practices while Mining and Using Data https://t.co/npMCMt9OYU https://t.co/xJrLolw53z,,,,,,,,,,,,,,,,NEGATIVE
@jortsrry waiting for you to answer why you support someone who endorses google camp and data mining and drives a tesla,,,,,,,,,,,,,,,,NEGATIVE
RT @CryptoTweetie: I'm so excited about @pan_quake! It's like the CalyxOS of Twitter. New Curation &amp; Powerful Mass Amplification Tools. No‚Ä¶,,,,,,,,,,,,,,,,NEGATIVE
"@jortsrry you stan harry styles who endorses dynamic pricing, is involved in data mining and DEMAND, sells $1000 co‚Ä¶ https://t.co/wpzKyU8PLk",,,,,,,,,,,,,,,,POSITIVE
"RT @TheLensNOLA: The plan would also add thousands of new ‚Äúsmart cities‚Äù devices, all of which are equipped with cameras and other data col‚Ä¶",,,,,,,,,,,,,,,,POSITIVE
"@OfWudan XRP, NFT's as digital ID's, Data mining and Worldwide control",,,,,,,,,,,,,,,,POSITIVE
"RT @nolatechie: Cities have embraced smart cities, companies often offer to implement them with no upfront charge to taxpayers, in exchange‚Ä¶",,,,,,,,,,,,,,,,POSITIVE
"Everyone would get rid of Cox if they had an alternative, though a data mining alternative is a hard no.
""Tidwell n‚Ä¶ https://t.co/uJq5HnQkDN",,,,,,,,,,,,,,,,POSITIVE
"Cities have embraced smart cities, companies often offer to implement them with no upfront charge to taxpayers, in‚Ä¶ https://t.co/8fkm0rV2AN",,,,,,,,,,,,,,,,NEGATIVE
"RT @GGGEORGEGGGG: People who think scalability is a matter of TPS speed are ngmi. For Web3 scale means data throughput, and that‚Äôs why you‚Ä¶",,,,,,,,,,,,,,,,NEGATIVE
"RT @MiningInvictus: Would you better buy gold or a gold mine?

Invest in a data center and get a monthly return by mining #cryptocurrencies‚Ä¶",,,,,,,,,,,,,,,,NEGATIVE
"Check out this article from Statistical Analysis and Data Mining which provides ""a novel, computationally efficient‚Ä¶ https://t.co/pFC3FN9fIj",,,,,,,,,,,,,,,,POSITIVE
"Attended an event at @InnosoftDubai on #Ethereum and Cryptocurrencies.
Key learnings: 
1. Solidity: An OOPS languag‚Ä¶ https://t.co/yyEeO8QMeI",,,,,,,,,,,,,,,,NEGATIVE
"RT @GGGEORGEGGGG: People who think scalability is a matter of TPS speed are ngmi. For Web3 scale means data throughput, and that‚Äôs why you‚Ä¶",,,,,,,,,,,,,,,,POSITIVE
"RT @TheLensNOLA: The plan would also add thousands of new ‚Äúsmart cities‚Äù devices, all of which are equipped with cameras and other data col‚Ä¶",,,,,,,,,,,,,,,,NEGATIVE
"RT @TheLensNOLA: The plan would also add thousands of new ‚Äúsmart cities‚Äù devices, all of which are equipped with cameras and other data col‚Ä¶",,,,,,,,,,,,,,,,NEGATIVE
"RT @TheLensNOLA: The plan would also add thousands of new ‚Äúsmart cities‚Äù devices, all of which are equipped with cameras and other data col‚Ä¶",,,,,,,,,,,,,,,,POSITIVE
"RT @TheLensNOLA: The plan would also add thousands of new ‚Äúsmart cities‚Äù devices, all of which are equipped with cameras and other data col‚Ä¶",,,,,,,,,,,,,,,,NEGATIVE
"RT @TheLensNOLA: The plan would also add thousands of new ‚Äúsmart cities‚Äù devices, all of which are equipped with cameras and other data col‚Ä¶",,,,,,,,,,,,,,,,POSITIVE
"The plan would also add thousands of new ‚Äúsmart cities‚Äù devices, all of which are equipped with cameras and other d‚Ä¶ https://t.co/Z7B4EoOhKt",,,,,,,,,,,,,,,,POSITIVE
"RT @HiveBlockchain: Our new data centre in New Brunswick is coming along! This will enable $HIVE to deploy an additional 20MW of green, cle‚Ä¶",,,,,,,,,,,,,,,,POSITIVE
Businesses Should Employ Ethical Practices while Mining and Using Data https://t.co/1l6CfNglFy,,,,,,,,,,,,,,,,POSITIVE
"Check out my Gig on #Fiverr: do #webscraping, #datamining and #automation https://t.co/0clA2iIV4G

I provide #bulk‚Ä¶ https://t.co/846v5ooOGb",,,,,,,,,,,,,,,,POSITIVE
@Utd_Mike_ ndev security &amp; data mining algorithms :D,,,,,,,,,,,,,,,,POSITIVE
How Visa Identifies M&amp;A Targets: Data Mining Reveals Visa‚Äôs ‚ÄòTry Before You Buy‚Äô M&amp;A Strategy And Predictions On Wh‚Ä¶ https://t.co/C8FubLAlCU,,,,,,,,,,,,,,,,NEGATIVE
"RT @Cointelegraph: There‚Äôs gold in them hills! 

Crypto mining company @ArgoBlockchain has big plans for its Texas data center, and will fu‚Ä¶",,,,,,,,,,,,,,,,NEGATIVE
As an #insurancebroker¬†you have a variety of niche products offered by your carriers at your fingertips. So how do‚Ä¶ https://t.co/XUNscQx51q,,,,,,,,,,,,,,,,POSITIVE
RT @laralogan: Pfizer has Large R&amp;D Facility in Wuhan China; Pfizer Employed Members of the Chinese Communist Party According to a Data Lea‚Ä¶,,,,,,,,,,,,,,,,POSITIVE
"@lscoppio @pettycommajared That's untrue. It's more akin to mining gold in WoW and/or corporate data harvesting, bu‚Ä¶ https://t.co/50ERgX4bRR",,,,,,,,,,,,,,,,POSITIVE
"RT @MiningInvictus: Would you better buy gold or a gold mine?

Invest in a data center and get a monthly return by mining #cryptocurrencies‚Ä¶",,,,,,,,,,,,,,,,NEGATIVE
"RT @MiningInvictus: Would you better buy gold or a gold mine?

Invest in a data center and get a monthly return by mining #cryptocurrencies‚Ä¶",,,,,,,,,,,,,,,,NEGATIVE
"RT @Cointelegraph: There‚Äôs gold in them hills! 

Crypto mining company @ArgoBlockchain has big plans for its Texas data center, and will fu‚Ä¶",,,,,,,,,,,,,,,,POSITIVE
"RT @jameshenryand: SENTIMENT indicator

Perth Mint bullion coin sales data
and $Au / $Ag spot prices in fiat $AUS

Australians buy way more‚Ä¶",,,,,,,,,,,,,,,,NEGATIVE
"RT @diamondblue777: So, #TravisScott  has partnered with #betterhelp to provide a month of counseling to anyone traumatized by attending hi‚Ä¶",,,,,,,,,,,,,,,,POSITIVE
"@lurnid am starting to look at the CC AI outputs, the findings on AI Generation/Creations refers to ""Content"" do yo‚Ä¶ https://t.co/fXkuiOV34a",,,,,,,,,,,,,,,,POSITIVE
@mufcMPB @abcdesevilla @Sport_Witness Transfer links is the best their Data Mining of Fans accounts could come up w‚Ä¶ https://t.co/4j3BsIcf4O,,,,,,,,,,,,,,,,POSITIVE
"RT @tagprotocol: Another milestone reached üöÄüöÄ

Go to https://t.co/7PDWnDG8q4 &amp; start LP Farming

#LPfarming #Farming #FarmingTwitter #Twitt‚Ä¶",,,,,,,,,,,,,,,,POSITIVE
"RT @MiningInvictus: Would you better buy gold or a gold mine?

Invest in a data center and get a monthly return by mining #cryptocurrencies‚Ä¶",,,,,,,,,,,,,,,,POSITIVE
@David_J_Bier That is why they need to hire a skilled immigrant who can do their data mining job for them üòú USCIS n‚Ä¶ https://t.co/4IIb6TFcoH,,,,,,,,,,,,,,,,NEGATIVE
"RT @diamondblue777: So, #TravisScott  has partnered with #betterhelp to provide a month of counseling to anyone traumatized by attending hi‚Ä¶",,,,,,,,,,,,,,,,NEGATIVE
"RT @Cointelegraph: There‚Äôs gold in them hills! 

Crypto mining company @ArgoBlockchain has big plans for its Texas data center, and will fu‚Ä¶",,,,,,,,,,,,,,,,POSITIVE
RT @digitalplanet: Tonnes of e-waste from mining equipment; the environmental impact of #blockchain with @API_Economics. Changing plastic b‚Ä¶,,,,,,,,,,,,,,,,POSITIVE
A new pre-processing technique based on ranks over multiple sub-samples of data that can improve on the performance‚Ä¶ https://t.co/7rmL90SCer,,,,,,,,,,,,,,,,NEGATIVE
RT @CryptoTweetie: I'm so excited about @pan_quake! It's like the CalyxOS of Twitter. New Curation &amp; Powerful Mass Amplification Tools. No‚Ä¶,,,,,,,,,,,,,,,,POSITIVE
"RT @Cointelegraph: There‚Äôs gold in them hills! 

Crypto mining company @ArgoBlockchain has big plans for its Texas data center, and will fu‚Ä¶",,,,,,,,,,,,,,,,POSITIVE
"@arstechnica @tdechant Remember what we learned about meta data, and warrantless data mining. Sounds like Fuckerber‚Ä¶ https://t.co/9uURV9DIbT",,,,,,,,,,,,,,,,POSITIVE
"RT @diamondblue777: So, #TravisScott  has partnered with #betterhelp to provide a month of counseling to anyone traumatized by attending hi‚Ä¶",,,,,,,,,,,,,,,,NEGATIVE
"RT @diamondblue777: So, #TravisScott  has partnered with #betterhelp to provide a month of counseling to anyone traumatized by attending hi‚Ä¶",,,,,,,,,,,,,,,,POSITIVE
"RT @Cointelegraph: There‚Äôs gold in them hills! 

Crypto mining company @ArgoBlockchain has big plans for its Texas data center, and will fu‚Ä¶",,,,,,,,,,,,,,,,NEGATIVE
"@mike10010100 Right, the CDC is data mining. https://t.co/6124GaYslH",,,,,,,,,,,,,,,,POSITIVE
"So, #TravisScott  has partnered with #betterhelp to provide a month of counseling to anyone traumatized by attendin‚Ä¶ https://t.co/DmsuKo88wi",,,,,,,,,,,,,,,,NEGATIVE
RT @that_shaman: Today's data-mining post and gemstore schedule for the next couple of months is up https://t.co/D7sN2LC86j,,,,,,,,,,,,,,,,POSITIVE
"RT @leon_texas: Ravencoin has had a phenomenal year. Look at that data!

I think in the coming year we will 10X these numbers.

There is so‚Ä¶",,,,,,,,,,,,,,,,NEGATIVE
RT @CoolerData: How Visa Identifies M&amp;A Targets: Data Mining Reveals Visa‚Äôs ‚ÄòTry Before You Buy‚Äô M&amp;A Strategy And Predictions On Which Comp‚Ä¶,,,,,,,,,,,,,,,,NEGATIVE
"I will do any kind of data entry, scraping, mining and web research.
#Business #Datascraper #webcrawler‚Ä¶ https://t.co/rZBHUwfWmw",,,,,,,,,,,,,,,,POSITIVE
"I will do any kind of data entry, scraping, mining and web research.
#Business #Datascraper #webcrawler‚Ä¶ https://t.co/LOKUHpFs9K",,,,,,,,,,,,,,,,POSITIVE
"RT @swashapp: Wondering how to earn rewards from your Swash tokens? ü§î

You can stake $SWASH on @Uniswap V3.

All you need to know üëá
https:/‚Ä¶",,,,,,,,,,,,,,,,POSITIVE
"I will do any kind of data entry, scraping, mining and web research.
#Business #Datascraper #webcrawler‚Ä¶ https://t.co/7A9msAfOFC",,,,,,,,,,,,,,,,POSITIVE
"I will do any kind of data entry, scraping, mining and web research.
#Business #Datascraper #webcrawler‚Ä¶ https://t.co/kWuszblf1i",,,,,,,,,,,,,,,,NEGATIVE
"I will do any kind of data entry, scraping, mining and web research.
#Business #Datascraper #webcrawler‚Ä¶ https://t.co/iQR0CZXrDu",,,,,,,,,,,,,,,,NEGATIVE
"ALERT - One week until our next webinar!

Imagine üí≠ a world where #mining pits are safe and easy to collect data fr‚Ä¶ https://t.co/rCRE6jfS1V",,,,,,,,,,,,,,,,NEGATIVE
"There‚Äôs gold in them hills! 

Crypto mining company @ArgoBlockchain has big plans for its Texas data center, and wi‚Ä¶ https://t.co/xy4mzno0NX",,,,,,,,,,,,,,,,NEGATIVE
RT @that_shaman: Today's data-mining post and gemstore schedule for the next couple of months is up https://t.co/D7sN2LC86j,,,,,,,,,,,,,,,,NEGATIVE
United Kingdom-based crypto mining company Argo Blockchain will be funding part of the building and equipment of it‚Ä¶ https://t.co/ACklNhWS2u,,,,,,,,,,,,,,,,NEGATIVE
Today's data-mining post and gemstore schedule for the next couple of months is up https://t.co/D7sN2LC86j,,,,,,,,,,,,,,,,NEGATIVE
"@MarktotheFuture I've been looking around the Twitch data mining sites, but haven't found anything.

But I'm wondering the same thing.",,,,,,,,,,,,,,,,POSITIVE
"RT @jessitron: Browsing through code is a very expensive activity. I'm trying to use my eyes as a data mining tool. 
@girba #qconplus",,,,,,,,,,,,,,,,NEGATIVE
"RT @pichette: Thrilled to join the Board of Neo4j. Amazing Company and Mission. The future of data mining belongs to graph.
https://t.co/gb‚Ä¶",,,,,,,,,,,,,,,,NEGATIVE
"RT @DarkRanger_Sis: I hate the part where everyone is aware that the ptr is about to push a patch but, no one knows when üò≠üò≠üò≠

9.2 data-mini‚Ä¶",,,,,,,,,,,,,,,,NEGATIVE
i think a new graphical design language is needed to convey these data broker businesses particularly the sleazy da‚Ä¶ https://t.co/O1be7a8vn3,,,,,,,,,,,,,,,,NEGATIVE
"RT @DarkRanger_Sis: I hate the part where everyone is aware that the ptr is about to push a patch but, no one knows when üò≠üò≠üò≠

9.2 data-mini‚Ä¶",,,,,,,,,,,,,,,,NEGATIVE
"I hate the part where everyone is aware that the ptr is about to push a patch but, no one knows when üò≠üò≠üò≠

9.2 data-‚Ä¶ https://t.co/iwX1mjlmAI",,,,,,,,,,,,,,,,NEGATIVE
"#FiverrI will accurately do data entry, web scraping, data mining etc",,,,,,,,,,,,,,,,NEGATIVE
How Visa Identifies M&amp;A Targets: Data Mining Reveals Visa‚Äôs ‚ÄòTry Before You Buy‚Äô M&amp;A Strategy And Predictions On Wh‚Ä¶ https://t.co/dj7wZDvqPo,,,,,,,,,,,,,,,,NEGATIVE
"Lifesciences Data Mining and Visualization Market Size 2021 Emerging Trends, Size, Share, Regional Outlook by 2026‚Ä¶ https://t.co/QKjC9De5BY",,,,,,,,,,,,,,,,POSITIVE
RT @CoolerData: How Visa Identifies M&amp;A Targets: Data Mining Reveals Visa‚Äôs ‚ÄòTry Before You Buy‚Äô M&amp;A Strategy And Predictions On Which Comp‚Ä¶,,,,,,,,,,,,,,,,NEGATIVE
How Visa Identifies M&amp;A Targets: Data Mining Reveals Visa‚Äôs ‚ÄòTry Before You Buy‚Äô M&amp;A Strategy And Predictions On Wh‚Ä¶ https://t.co/AMgkhEyzjZ,,,,,,,,,,,,,,,,NEGATIVE
RT @TheIoT: How Visa Identifies M&amp;amp;A Targets: Data Mining Reveals Visa‚Äôs ‚ÄòTry Before Y... https://t.co/14k9WITame #IoT,,,,,,,,,,,,,,,,POSITIVE
How Visa Identifies M&amp;amp;A Targets: Data Mining Reveals Visa‚Äôs ‚ÄòTry Before Y... https://t.co/14k9WITame #IoT,,,,,,,,,,,,,,,,NEGATIVE
Approaches to Data¬†Mining https://t.co/hdyWB1bB16,,,,,,,,,,,,,,,,POSITIVE
"We use neural nets today, in data mining, in auto design and in everyday life. They have given us the edge in many‚Ä¶ https://t.co/ILwu9IpOwa",,,,,,,,,,,,,,,,NEGATIVE
@_Lazzyy Data mining se ye dono course bht behter hain,,,,,,,,,,,,,,,,NEGATIVE
"RT @AlanSInouye: ""Text and Data Mining of In-Copyright Works: Is It Legal?"" -- a nice, accessible survey by @PamelaSamuelson in the current‚Ä¶",,,,,,,,,,,,,,,,POSITIVE
"RT @RealPuffin: Some data mining info dropped for #bdsp, but I haven‚Äôt seen anything about shiny odds, just locks/unlocks. if anyone has th‚Ä¶",,,,,,,,,,,,,,,,NEGATIVE
"RT @EITIorg: The EITI is in dialogue with govt &amp; industry leaders from 10+ countries üá©üáøüá®üá≤üá®üáªüá®üá©üá¨üá≠üá∞üá™üá≤üá±üá∏üá±üá∫üá¨üá¨üáßüá∫üá∏ at #AOW21, to discuss how EITI‚Ä¶",,,,,,,,,,,,,,,,POSITIVE
Information Storage and Retreival Project https://t.co/fpUL0ak1yg Need Project for Information Storage and retrieva‚Ä¶ https://t.co/4PXfBdRMUo,,,,,,,,,,,,,,,,POSITIVE
Technology can now uncover hidden high-risk #fatigue areas within your #workforce that you previously had no other‚Ä¶ https://t.co/yJ9vRgYVhS,,,,,,,,,,,,,,,,NEGATIVE
Pfizer has Large R&amp;D Facility in Wuhan China; Pfizer Employed Members of the Chinese Communist Party According to a‚Ä¶ https://t.co/HBhaBtHDVl,,,,,,,,,,,,,,,,NEGATIVE
@zerohedge I agree bitcoin is a currency but with no country behind it atleast the dollar is the US economy and so‚Ä¶ https://t.co/P3sSNrJHsn,,,,,,,,,,,,,,,,NEGATIVE
@undertheraedar I legitimately enjoy that a significant amount of civil disobedience can be had via organized attem‚Ä¶ https://t.co/iQnrKNdXTI,,,,,,,,,,,,,,,,POSITIVE
@Firerisk6 @EntrepotApp Yes! And then we should build the largest #ICP data center there. We can call it the Golden‚Ä¶ https://t.co/PvjasVNESO,,,,,,,,,,,,,,,,NEGATIVE
"Hi Everyone,
I'm a professional data entry expert.
I would like to do your job perfectly.
Please allow me to do. I‚Ä¶ https://t.co/vJlo7aI91b",,,,,,,,,,,,,,,,NEGATIVE
RT @digitalplanet: Tonnes of e-waste from mining equipment; the environmental impact of #blockchain with @API_Economics. Changing plastic b‚Ä¶,,,,,,,,,,,,,,,,NEGATIVE
"Immutability can be defined as the ability of a blockchain ledger to remain unchanged, for a blockchain to remain u‚Ä¶ https://t.co/R12It9IXKw",,,,,,,,,,,,,,,,POSITIVE
"$sysx is .40 cent stock right now that is crazy 

With Ethereum north of $4,500, Sysorex ( SYSX 
  owns more than $‚Ä¶ https://t.co/MclXE1fdSU",,,,,,,,,,,,,,,,POSITIVE
RT @digitalplanet: Tonnes of e-waste from mining equipment; the environmental impact of #blockchain with @API_Economics. Changing plastic b‚Ä¶,,,,,,,,,,,,,,,,POSITIVE
What kind of data they‚Äôre mining off your kids now? https://t.co/TJy5kiwa3k,,,,,,,,,,,,,,,,POSITIVE
RT @digitalplanet: Tonnes of e-waste from mining equipment; the environmental impact of #blockchain with @API_Economics. Changing plastic b‚Ä¶,,,,,,,,,,,,,,,,NEGATIVE
RT @digitalplanet: Tonnes of e-waste from mining equipment; the environmental impact of #blockchain with @API_Economics. Changing plastic b‚Ä¶,,,,,,,,,,,,,,,,POSITIVE
"RT @jessitron: Browsing through code is a very expensive activity. I'm trying to use my eyes as a data mining tool. 
@girba #qconplus",,,,,,,,,,,,,,,,POSITIVE
RT @digitalplanet: Tonnes of e-waste from mining equipment; the environmental impact of #blockchain with @API_Economics. Changing plastic b‚Ä¶,,,,,,,,,,,,,,,,NEGATIVE
RT @digitalplanet: Tonnes of e-waste from mining equipment; the environmental impact of #blockchain with @API_Economics. Changing plastic b‚Ä¶,,,,,,,,,,,,,,,,POSITIVE
#BusinessIntelligence vs. #datamining: What's the Difference? https://t.co/ICwdIKTGmF https://t.co/q6msxKUMXe,,,,,,,,,,,,,,,,NEGATIVE
"@billy_andrews @GarethFarr1 @geogareth Hi Billy, unfortunately we don't have a data set that includes the dominant‚Ä¶ https://t.co/fhG3YgS7T8",,,,,,,,,,,,,,,,POSITIVE
RT @max_gagliardi: Anyone with nat gas wells that wants to learn about bitcoin mining our company provides turnkey solutions for energy pro‚Ä¶,,,,,,,,,,,,,,,,NEGATIVE
RT @digitalplanet: Tonnes of e-waste from mining equipment; the environmental impact of #blockchain with @API_Economics. Changing plastic b‚Ä¶,,,,,,,,,,,,,,,,NEGATIVE
Tonnes of e-waste from mining equipment; the environmental impact of #blockchain with @API_Economics. Changing plas‚Ä¶ https://t.co/xJrX6DVa69,,,,,,,,,,,,,,,,NEGATIVE
"RT @AlanSInouye: ""Text and Data Mining of In-Copyright Works: Is It Legal?"" -- a nice, accessible survey by @PamelaSamuelson in the current‚Ä¶",,,,,,,,,,,,,,,,POSITIVE
"RT @AlanSInouye: ""Text and Data Mining of In-Copyright Works: Is It Legal?"" -- a nice, accessible survey by @PamelaSamuelson in the current‚Ä¶",,,,,,,,,,,,,,,,NEGATIVE
"üöú While many respondents said they plan to embrace newer marketing opportunities in the coming years, such as mobil‚Ä¶ https://t.co/aaEfnPoUdk",,,,,,,,,,,,,,,,NEGATIVE
"Big Brother is watching you -- from the inside out -- in 'Implanted,' a cool, cruel, provocative thriller about wha‚Ä¶ https://t.co/ccl9MhYGWB",,,,,,,,,,,,,,,,POSITIVE
"$mara $riot $sos $dpw $ebon 
 
$SYSX 
 ‚ÄúSysorex now owns 100% of its dedicated, Ethereum mining data center and nea‚Ä¶ https://t.co/dDQLsXoKHv",,,,,,,,,,,,,,,,POSITIVE
The expert said that ERP System and Process Mining are getting married. Should we celebrate their anniversary by of‚Ä¶ https://t.co/BkeOL3XQC7,,,,,,,,,,,,,,,,NEGATIVE
"Would you like the latest news and data on #bitcoin and #cryptomining, memes, features from our YouTube channel and‚Ä¶ https://t.co/3qcYuvodxz",,,,,,,,,,,,,,,,POSITIVE
"SENTIMENT indicator

Perth Mint bullion coin sales data
and $Au / $Ag spot prices in fiat $AUS

Australians buy way‚Ä¶ https://t.co/59aFTRcVOf",,,,,,,,,,,,,,,,NEGATIVE
"Browsing through code is a very expensive activity. I'm trying to use my eyes as a data mining tool. 
@girba #qconplus",,,,,,,,,,,,,,,,POSITIVE
@BrantMDJD Do you think this patent and the fact that UNH is mining all patient data from social networks has somet‚Ä¶ https://t.co/LHI5NqGLeb,,,,,,,,,,,,,,,,NEGATIVE
"RT @indiacoin15: #Cryptocoach  Day 51

üìÑ51% Attack?!

‚úÖWhen more than half of mining hash rate run by a person/group 
‚úÖBy doing so, data ca‚Ä¶",,,,,,,,,,,,,,,,POSITIVE
"RT @ferdush9113: I will do perfect data entry, Typing Work, Mining, Scraping web research and virtual assistant.
Visit My Profile:  https:/‚Ä¶",,,,,,,,,,,,,,,,NEGATIVE
"I will do perfect data entry, Typing Work, Mining, Scraping web research and virtual assistant.
Visit My Profile:‚Ä¶ https://t.co/ve9fgDktcP",,,,,,,,,,,,,,,,NEGATIVE
Data preparation is about 70% of data mining process,,,,,,,,,,,,,,,,POSITIVE
"RT @MiningInvictus: Would you better buy gold or a gold mine?

Invest in a data center and get a monthly return by mining #cryptocurrencies‚Ä¶",,,,,,,,,,,,,,,,NEGATIVE
"$MARA($74.56) My Mining fans, Use Honeygain to share your unused broadband DATA for BTC, proven payments below!‚Ä¶ https://t.co/AqQFtrB14K",,,,,,,,,,,,,,,,NEGATIVE
"RT @leon_texas: Ravencoin has had a phenomenal year. Look at that data!

I think in the coming year we will 10X these numbers.

There is so‚Ä¶",,,,,,,,,,,,,,,,POSITIVE
"@askMoneyCoach Unless the provider is absolutely solid, I assess the risk of losing proprietary data and-or access‚Ä¶ https://t.co/YUiCACWien",,,,,,,,,,,,,,,,POSITIVE
"RT @pichette: Thrilled to join the Board of Neo4j. Amazing Company and Mission. The future of data mining belongs to graph.
https://t.co/gb‚Ä¶",,,,,,,,,,,,,,,,POSITIVE
"RT @EITIorg: The EITI is in dialogue with govt &amp; industry leaders from 10+ countries üá©üáøüá®üá≤üá®üáªüá®üá©üá¨üá≠üá∞üá™üá≤üá±üá∏üá±üá∫üá¨üá¨üáßüá∫üá∏ at #AOW21, to discuss how EITI‚Ä¶",,,,,,,,,,,,,,,,NEGATIVE
@AshaRangappa_ Is this for real?  I mean is this REALLY for real?  Joe Lonsdale cofounder of the Palantir data-mini‚Ä¶ https://t.co/B0ufhRrzD0,,,,,,,,,,,,,,,,NEGATIVE
"RT @EITIorg: The EITI is in dialogue with govt &amp; industry leaders from 10+ countries üá©üáøüá®üá≤üá®üáªüá®üá©üá¨üá≠üá∞üá™üá≤üá±üá∏üá±üá∫üá¨üá¨üáßüá∫üá∏ at #AOW21, to discuss how EITI‚Ä¶",,,,,,,,,,,,,,,,POSITIVE
RT @miningmemo: Here's a breakdown of institutional investments in public bitcoin mining companies. https://t.co/7YVZ1NIQsS,,,,,,,,,,,,,,,,NEGATIVE
IF YO @SS ain't into *data mining* these days..yo ass ain't doing shit anyway--it's all a trick Bag!!!,,,,,,,,,,,,,,,,NEGATIVE
"RT @ClubSignage: SigOpt AI &amp; HPC Summit, Nov 16 ‚Äì Virtual and Free https://t.co/tG3P8Eis43 #technology #ArtificialIntelligence 
@ClubSignag‚Ä¶",,,,,,,,,,,,,,,,POSITIVE
"RT @ClubSignage: SigOpt AI &amp; HPC Summit, Nov 16 ‚Äì Virtual and Free https://t.co/tG3P8Eis43 #technology #ArtificialIntelligence 
@ClubSignag‚Ä¶",,,,,,,,,,,,,,,,POSITIVE
"RT @ClubSignage: SigOpt AI &amp; HPC Summit, Nov 16 ‚Äì Virtual and Free https://t.co/tG3P8Eis43 #technology #ArtificialIntelligence 
@ClubSignag‚Ä¶",,,,,,,,,,,,,,,,NEGATIVE
"RT @ClubSignage: SigOpt AI &amp; HPC Summit, Nov 16 ‚Äì Virtual and Free https://t.co/tG3P8Eis43 #technology #ArtificialIntelligence 
@ClubSignag‚Ä¶",,,,,,,,,,,,,,,,POSITIVE
"RT @ClubSignage: SigOpt AI &amp; HPC Summit, Nov 16 ‚Äì Virtual and Free https://t.co/tG3P8Eis43 #technology #ArtificialIntelligence 
@ClubSignag‚Ä¶",,,,,,,,,,,,,,,,POSITIVE
"RT @ClubSignage: SigOpt AI &amp; HPC Summit, Nov 16 ‚Äì Virtual and Free https://t.co/tG3P8Eis43 #technology #ArtificialIntelligence 
@ClubSignag‚Ä¶",,,,,,,,,,,,,,,,NEGATIVE
"RT @SERVIRGlobal: Several SERVIR projects make use of @Climateforest data, including the Radar Mining Monitoring Tool at #SERVIRamazonia. G‚Ä¶",,,,,,,,,,,,,,,,POSITIVE
"The EITI is in dialogue with govt &amp; industry leaders from 10+ countries üá©üáøüá®üá≤üá®üáªüá®üá©üá¨üá≠üá∞üá™üá≤üá±üá∏üá±üá∫üá¨üá¨üáßüá∫üá∏ at #AOW21, to discus‚Ä¶ https://t.co/49KBu2ow1I",,,,,,,,,,,,,,,,POSITIVE
#EnergyCrisis. #Coal Back to the Future. This development speaks volumes about the necessity for data-based plannin‚Ä¶ https://t.co/bctviruxzr,,,,,,,,,,,,,,,,NEGATIVE
"I assume the ""can't share recipes any more"" rumor started from not seeing any repeat diy dialogue while data mining‚Ä¶ https://t.co/gZeG2fopS8",,,,,,,,,,,,,,,,NEGATIVE
RT @laralogan: Pfizer has Large R&amp;D Facility in Wuhan China; Pfizer Employed Members of the Chinese Communist Party According to a Data Lea‚Ä¶,,,,,,,,,,,,,,,,NEGATIVE
I'm so excited about @pan_quake! It's like the CalyxOS of Twitter. New Curation &amp; Powerful Mass Amplification Tools‚Ä¶ https://t.co/2H1JEmkoQF,,,,,,,,,,,,,,,,NEGATIVE
@Androidheadline yeah....another tracking and data mining scamsung device...(scamsung visit in),,,,,,,,,,,,,,,,POSITIVE
"RT @stoplapdspying: New first-look at our new AUTOMATING BANISHMENT report out today, from @JMBooyah

Read how LAPD and surveillance compan‚Ä¶",,,,,,,,,,,,,,,,POSITIVE
"Thrilled to join the Board of Neo4j. Amazing Company and Mission. The future of data mining belongs to graph.
https://t.co/gbpsYZ76ru",,,,,,,,,,,,,,,,POSITIVE
RT @laralogan: Pfizer has Large R&amp;D Facility in Wuhan China; Pfizer Employed Members of the Chinese Communist Party According to a Data Lea‚Ä¶,,,,,,,,,,,,,,,,NEGATIVE
Anyone with nat gas wells that wants to learn about bitcoin mining our company provides turnkey solutions for energ‚Ä¶ https://t.co/GtTvoxc12b,,,,,,,,,,,,,,,,POSITIVE
"RT @stoplapdspying: New first-look at our new AUTOMATING BANISHMENT report out today, from @JMBooyah

Read how LAPD and surveillance compan‚Ä¶",,,,,,,,,,,,,,,,NEGATIVE
"Also, ""UATX is fiscally sponsored by Cicero Research"" https://t.co/Agh3hICDWO so my second guess, beyond satire, is‚Ä¶ https://t.co/ia30OwP00N",,,,,,,,,,,,,,,,POSITIVE
"RT @stoplapdspying: New first-look at our new AUTOMATING BANISHMENT report out today, from @JMBooyah

Read how LAPD and surveillance compan‚Ä¶",,,,,,,,,,,,,,,,NEGATIVE
EnviDa Token in Turkey with Blockchain Based Environmental Data Monitoring and Mobile Mining¬†Technology https://t.co/YEWDi9atB2,,,,,,,,,,,,,,,,NEGATIVE
@TheJusticeDept Optum subsidiary screws you over at Walmart too-their fintech data mining algos-behavior profiles f‚Ä¶ https://t.co/kg7Kj847lv,,,,,,,,,,,,,,,,POSITIVE
RT @laralogan: Pfizer has Large R&amp;D Facility in Wuhan China; Pfizer Employed Members of the Chinese Communist Party According to a Data Lea‚Ä¶,,,,,,,,,,,,,,,,NEGATIVE
@1nf0SeC It seem that data centre are not meant for just mining? Possible related to other crypto related biz or ec‚Ä¶ https://t.co/ijvcftmfjv,,,,,,,,,,,,,,,,NEGATIVE
Options Forecast Based on Data Mining: Returns up to 17.13% in 3 Days https://t.co/ICRObxizqT,,,,,,,,,,,,,,,,POSITIVE
"@TheJusticeDept Why are you allowing a health insurance company, Optum to push Facebook..WTF is wrong here..it's al‚Ä¶ https://t.co/xLU5OZd1ym",,,,,,,,,,,,,,,,NEGATIVE
@penachu_ @KuroBlitz96 According to Data Mining there is currently no programmed encounter in the game for Arceus.‚Ä¶ https://t.co/yZtQeuIcv4,,,,,,,,,,,,,,,,NEGATIVE
"RT @GlobalGiving: JOB POSTING: If you're passionate about mining data to yield insights on ways to improve the donor experience, then the D‚Ä¶",,,,,,,,,,,,,,,,POSITIVE
"RT @fobi_inc: AI DATA IN MINING -&gt; As recently mentioned by Fobi partner Alex Klenman CEO of @AzincourtAAZ, if a #mining company can levera‚Ä¶",,,,,,,,,,,,,,,,POSITIVE
RT @laralogan: Pfizer has Large R&amp;D Facility in Wuhan China; Pfizer Employed Members of the Chinese Communist Party According to a Data Lea‚Ä¶,,,,,,,,,,,,,,,,NEGATIVE
"Web 3.0 coins are on fire today.
$BAT +24% Ad Ecosystem 
$HNT +15% WiFi mining, wireless infrastructure

Probably t‚Ä¶ https://t.co/3LUHKPLXxu",,,,,,,,,,,,,,,,NEGATIVE
"Text Mining Drug-Protein Interactions using an Ensemble of BERT, Sentence BERT and T5 models (Xin Sui) at DrugProt‚Ä¶ https://t.co/OvRUcORqAM",,,,,,,,,,,,,,,,POSITIVE
"When you mine the data stored in your BMS, you can identify your best customers, where there are gaps in your clien‚Ä¶ https://t.co/gIp2eRiVtc",,,,,,,,,,,,,,,,NEGATIVE
@ethan_vera @LuxorTechTeam @FoundryServices @MarathonDH Yo I was trying to find this data for a research piece I‚Äôm‚Ä¶ https://t.co/UjNMDohFkj,,,,,,,,,,,,,,,,NEGATIVE
"@IgorRunets Cool, but come back to us when you focus your business on more than just, ‚Äúhosting services and turnkey‚Ä¶ https://t.co/tb28IiWuQZ",,,,,,,,,,,,,,,,POSITIVE
RT @laralogan: Pfizer has Large R&amp;D Facility in Wuhan China; Pfizer Employed Members of the Chinese Communist Party According to a Data Lea‚Ä¶,,,,,,,,,,,,,,,,POSITIVE
.@bp_plc is transforming its network to maintain business agility and data security with @Microsoft 365 Enterprise‚Ä¶ https://t.co/PENU6ivQhT,,,,,,,,,,,,,,,,POSITIVE
So today now people are praising BDSP because of some data mining? Make up your minds lol,,,,,,,,,,,,,,,,NEGATIVE
"Whistleblowing, auditing, increased regulatory requirements and machine-learning tools for data mining and forensic‚Ä¶ https://t.co/QhfXzA77Qg",,,,,,,,,,,,,,,,POSITIVE
#Bitcoin Exposure üî¨ | Northern Data Acquires Bitcoin Miner Bitfield N.V. to Become a Leading Global Bitcoin Mining‚Ä¶ https://t.co/cvkiyuBnst,,,,,,,,,,,,,,,,POSITIVE
.@bp_plc is transforming its network to maintain business agility and data security with @Microsoft 365 Enterprise‚Ä¶ https://t.co/gU8kr8FkfT,,,,,,,,,,,,,,,,POSITIVE
"Bitcoin mining company, Iris Energy Limited, sets terms for its #IPO.

Shares: 8.3 million
Price Range: $25.00-$27.‚Ä¶ https://t.co/9VU8mGXwvh",,,,,,,,,,,,,,,,POSITIVE
"RT @leon_texas: Ravencoin has had a phenomenal year. Look at that data!

I think in the coming year we will 10X these numbers.

There is so‚Ä¶",,,,,,,,,,,,,,,,NEGATIVE
"@BlockwareTeam Question for @WClementeIII : for someone who is involved in mining bitcoin, what are the best on cha‚Ä¶ https://t.co/43AMeZ2Y0a",,,,,,,,,,,,,,,,NEGATIVE
RT @laralogan: Pfizer has Large R&amp;D Facility in Wuhan China; Pfizer Employed Members of the Chinese Communist Party According to a Data Lea‚Ä¶,,,,,,,,,,,,,,,,POSITIVE
"RT @leon_texas: Ravencoin has had a phenomenal year. Look at that data!

I think in the coming year we will 10X these numbers.

There is so‚Ä¶",,,,,,,,,,,,,,,,POSITIVE
Salesforce sister companies Slack and Tableau look to bring Marc Benioff‚Äôs master plan to fruition‚Ä¶ https://t.co/t6c0TvfMwV,,,,,,,,,,,,,,,,NEGATIVE
"RT @leon_texas: Ravencoin has had a phenomenal year. Look at that data!

I think in the coming year we will 10X these numbers.

There is so‚Ä¶",,,,,,,,,,,,,,,,POSITIVE
"RT @leon_texas: Ravencoin has had a phenomenal year. Look at that data!

I think in the coming year we will 10X these numbers.

There is so‚Ä¶",,,,,,,,,,,,,,,,POSITIVE
"RT @fobi_inc: AI DATA IN MINING -&gt; As recently mentioned by Fobi partner Alex Klenman CEO of @AzincourtAAZ, if a #mining company can levera‚Ä¶",,,,,,,,,,,,,,,,NEGATIVE
"RT @RoseAnnieFlo: @Mental_Elf Follow the ¬£¬£¬£ eh, Andre, don't worry about the potential impact of mh data-mining on confidence in using our‚Ä¶",,,,,,,,,,,,,,,,NEGATIVE
"RT @leon_texas: Ravencoin has had a phenomenal year. Look at that data!

I think in the coming year we will 10X these numbers.

There is so‚Ä¶",,,,,,,,,,,,,,,,NEGATIVE
"Hi geotweeters, does anyone know of a map or graph that showed how the dominant coal mining method varied across th‚Ä¶ https://t.co/WWXxp6s4gc",,,,,,,,,,,,,,,,POSITIVE
"RT @leon_texas: Ravencoin has had a phenomenal year. Look at that data!

I think in the coming year we will 10X these numbers.

There is so‚Ä¶",,,,,,,,,,,,,,,,NEGATIVE
"RT @leon_texas: Ravencoin has had a phenomenal year. Look at that data!

I think in the coming year we will 10X these numbers.

There is so‚Ä¶",,,,,,,,,,,,,,,,NEGATIVE
"Ravencoin has had a phenomenal year. Look at that data!

I think in the coming year we will 10X these numbers.

The‚Ä¶ https://t.co/RUVpSdL711",,,,,,,,,,,,,,,,NEGATIVE
@JanAageFjortoft The majority think he should be replaced. Those big accounts now saying different days later have‚Ä¶ https://t.co/q3Sm4SPQq7,,,,,,,,,,,,,,,,POSITIVE
"RT @fobi_inc: AI DATA IN MINING -&gt; As recently mentioned by Fobi partner Alex Klenman CEO of @AzincourtAAZ, if a #mining company can levera‚Ä¶",,,,,,,,,,,,,,,,NEGATIVE
RT @apnic: DGA and #fastflux were early examples of malicious threats detected in the #DNS. This post looks at #skidmap and malicious #DNS‚Ä¶,,,,,,,,,,,,,,,,NEGATIVE
@jamespoulos Every company is a data mining company now we‚Äôre all here to help optimize our obsolescence I guess,,,,,,,,,,,,,,,,POSITIVE
"RT @fobi_inc: AI DATA IN MINING -&gt; As recently mentioned by Fobi partner Alex Klenman CEO of @AzincourtAAZ, if a #mining company can levera‚Ä¶",,,,,,,,,,,,,,,,NEGATIVE
"RT @KitcoNewsNOW: Gold prices in neutral territory eyeing $1,835 following slightly weaker U.S. PPI data https://t.co/plu5ZMFJ7G #kitconews‚Ä¶",,,,,,,,,,,,,,,,POSITIVE
"AI DATA IN MINING -&gt; As recently mentioned by Fobi partner Alex Klenman CEO of @AzincourtAAZ, if a #mining company‚Ä¶ https://t.co/x0yV8maAtt",,,,,,,,,,,,,,,,NEGATIVE
"RT @KitcoNewsNOW: Gold prices in neutral territory eyeing $1,835 following slightly weaker U.S. PPI data https://t.co/plu5ZMFJ7G #kitconews‚Ä¶",,,,,,,,,,,,,,,,POSITIVE
"RT @KitcoNewsNOW: Gold prices in neutral territory eyeing $1,835 following slightly weaker U.S. PPI data https://t.co/plu5ZMFJ7G #kitconews‚Ä¶",,,,,,,,,,,,,,,,POSITIVE
"Gold prices in neutral territory eyeing $1,835 following slightly weaker U.S. PPI data https://t.co/plu5ZMFJ7G‚Ä¶ https://t.co/PyXPgOC7lm",,,,,,,,,,,,,,,,NEGATIVE
RT @laralogan: Pfizer has Large R&amp;D Facility in Wuhan China; Pfizer Employed Members of the Chinese Communist Party According to a Data Lea‚Ä¶,,,,,,,,,,,,,,,,NEGATIVE
Was it just me or did anyone else think the plant one tree sticker in exchange for a pet photo was the start of a h‚Ä¶ https://t.co/stRYS6eMFT,,,,,,,,,,,,,,,,NEGATIVE
"Would you rather pay for your web3 username/domain with $ETH and have custody over your private data, or would you‚Ä¶ https://t.co/i8jkoGSpJk",,,,,,,,,,,,,,,,NEGATIVE
"Footnote: If you care about data mining and stuff like that: The filter looks arbitrary but it‚Äôs not, I used Friday‚Ä¶ https://t.co/0xw89P3T2a",,,,,,,,,,,,,,,,NEGATIVE
.@bp_plc is transforming its network to maintain business agility and data security with @Microsoft 365 Enterprise‚Ä¶ https://t.co/2XdetJiIg0,,,,,,,,,,,,,,,,POSITIVE
"@Eskom_SA And why is your link a VIGLINK, data mining link ?

""VigLink is a San Francisco-based, outbound-traffic m‚Ä¶ https://t.co/NuA3Id1A6K",,,,,,,,,,,,,,,,POSITIVE
we're studying what's data mining so this one time twitter has been useful,,,,,,,,,,,,,,,,POSITIVE
@pulte Ya home hotspot data ran out can't even make my 2$ a day mining  crypto,,,,,,,,,,,,,,,,NEGATIVE
RT @laralogan: Pfizer has Large R&amp;D Facility in Wuhan China; Pfizer Employed Members of the Chinese Communist Party According to a Data Lea‚Ä¶,,,,,,,,,,,,,,,,POSITIVE
"@thefaadguy Exactly. I get they have to make money and all, but there are better ways to do it. Idk exactly any alt‚Ä¶ https://t.co/up7LMCaeVd",,,,,,,,,,,,,,,,NEGATIVE
It's like they have taken the repeat function on the phone media player because they want me to stream or use sptty‚Ä¶ https://t.co/k8PBGZiUD6,,,,,,,,,,,,,,,,NEGATIVE
"Mining data broadcastÔºöEthereum's network hashrate increase 0.46% today.
#Ethereum #ETH https://t.co/byBprVtb3A",,,,,,,,,,,,,,,,POSITIVE
"üì¢Call for field missions!
We invite you to get in touch with UNEXMIN GeoRobotics (UGR) if you need to obtain valuab‚Ä¶ https://t.co/KrKf0VbIEm",,,,,,,,,,,,,,,,NEGATIVE
Even when it‚Äôs in writing teachers are denying that this üí©exists. Home choice is necessary more now than ever. This‚Ä¶ https://t.co/ss3tOYlDXq,,,,,,,,,,,,,,,,POSITIVE
"#DATA:  @Aggreko survey highlights role of hybrid power.

The key findings are discussed here:‚Ä¶ https://t.co/kqowKxp7xr",,,,,,,,,,,,,,,,POSITIVE
RT @laralogan: Pfizer has Large R&amp;D Facility in Wuhan China; Pfizer Employed Members of the Chinese Communist Party According to a Data Lea‚Ä¶,,,,,,,,,,,,,,,,POSITIVE
"@woody_VA Social media doc on nefix had a great quote ""when you don't pay for a product, YOU are the product"" my gu‚Ä¶ https://t.co/i3j5Lv5Ic0",,,,,,,,,,,,,,,,POSITIVE
"I do not know how I feel as a Dev in general for  both software and games.
Data mining is one thing, but using expl‚Ä¶ https://t.co/HIdVPgHOei",,,,,,,,,,,,,,,,POSITIVE
"Project for Gheorghi C. -- 3 https://t.co/kcWuSQUVoz Hi Gheorghi C., I noticed your profile and would like to offer‚Ä¶ https://t.co/qsO2hCQiLF",,,,,,,,,,,,,,,,NEGATIVE
RT @laralogan: Pfizer has Large R&amp;D Facility in Wuhan China; Pfizer Employed Members of the Chinese Communist Party According to a Data Lea‚Ä¶,,,,,,,,,,,,,,,,POSITIVE
RT @laralogan: Pfizer has Large R&amp;D Facility in Wuhan China; Pfizer Employed Members of the Chinese Communist Party According to a Data Lea‚Ä¶,,,,,,,,,,,,,,,,NEGATIVE
"@Cadmus_Labs @JariTapio @jesawyer There‚Äôs a plethora of designers, artists and other creative workers that had put‚Ä¶ https://t.co/VCtyHlG1qf",,,,,,,,,,,,,,,,POSITIVE
"I will do any kind of data entry, scraping, mining and web research.
#Business #Datascraper #webcrawler‚Ä¶ https://t.co/9baQx6pPsl",,,,,,,,,,,,,,,,NEGATIVE
@CRED_support @dganeshhaier Look who is talking about privacy..You are  accessing users personal emails nd talking‚Ä¶ https://t.co/AB4XRV0AGR,,,,,,,,,,,,,,,,POSITIVE
"I will do any kind of data entry, scraping, mining and web research.
#Business #Datascraper #webcrawler‚Ä¶ https://t.co/2MQULSGMBw",,,,,,,,,,,,,,,,POSITIVE
"I will do any kind of data entry, scraping, mining and web research.
#Business #Datascraper #webcrawler‚Ä¶ https://t.co/z7OF5A3aNm",,,,,,,,,,,,,,,,POSITIVE
"I will do any kind of data entry, scraping, mining and web research.
#Business #Datascraper #webcrawler‚Ä¶ https://t.co/pxw1LkC3tP",,,,,,,,,,,,,,,,NEGATIVE
"I will do any kind of data entry, scraping, mining and web research.
#Business #Datascraper #webcrawler‚Ä¶ https://t.co/I83vu0HP4a",,,,,,,,,,,,,,,,POSITIVE
"I will do any kind of data entry, scraping, mining and web research.
#Business #Datascraper #webcrawler‚Ä¶ https://t.co/0ah15N9Adt",,,,,,,,,,,,,,,,NEGATIVE
"I will do any kind of data entry, scraping, mining and web research.
#Business #Datascraper #webcrawler‚Ä¶ https://t.co/0bBovVrekr",,,,,,,,,,,,,,,,NEGATIVE
@RealPuffin Thank you! I am trying to stay away from leaks and data mining info but that I just needed to know! :D,,,,,,,,,,,,,,,,POSITIVE
"RT @swashapp: Wondering how to earn rewards from your Swash tokens? ü§î

You can stake $SWASH on @Uniswap V3.

All you need to know üëá
https:/‚Ä¶",,,,,,,,,,,,,,,,POSITIVE
"Some data mining info dropped for #bdsp, but I haven‚Äôt seen anything about shiny odds, just locks/unlocks. if anyon‚Ä¶ https://t.co/jpanBGwvyh",,,,,,,,,,,,,,,,NEGATIVE
"RT @swashapp: Wondering how to earn rewards from your Swash tokens? ü§î

You can stake $SWASH on @Uniswap V3.

All you need to know üëá
https:/‚Ä¶",,,,,,,,,,,,,,,,POSITIVE
"Gov Solutions Group is hiring: Junior Archiving Analyst

This is a remote/teleworking position. This position will‚Ä¶ https://t.co/ypcVXOQOEQ",,,,,,,,,,,,,,,,NEGATIVE
"@friedmandave @benedictevans üôÇ Twitter doesn‚Äôt leave space for everything, but if you estimate mining/operating cos‚Ä¶ https://t.co/TQ2RsQybNO",,,,,,,,,,,,,,,,NEGATIVE
RT @laralogan: Pfizer has Large R&amp;D Facility in Wuhan China; Pfizer Employed Members of the Chinese Communist Party According to a Data Lea‚Ä¶,,,,,,,,,,,,,,,,POSITIVE
RT @agurevich23: Does anybody has data/charts on the global energy consumption by computation and data storage ( obviously including but no‚Ä¶,,,,,,,,,,,,,,,,POSITIVE
#Genomes are more than the sum of an organism's genes and have traits that may be measured and studied without refe‚Ä¶ https://t.co/1paQ5sa1z8,,,,,,,,,,,,,,,,NEGATIVE
#FrancesHaugen warns over @MarkZuckerberg's #Metaverse. https://t.co/2EcUepCXHL We do not recognize that replacing‚Ä¶ https://t.co/ifLW7Wtdfl,,,,,,,,,,,,,,,,NEGATIVE
"Lusa - Business News - Portugal: Mining prospection, research rights awarded in four districts of Evora
https://t.co/1be6Cb91oN",,,,,,,,,,,,,,,,POSITIVE
"as says @TheMoonCarl, today‚Äôs mind-blowing news will be about the drain of personal data from one of the largest mi‚Ä¶ https://t.co/zUV7ZhTJHj",,,,,,,,,,,,,,,,POSITIVE
RT @laralogan: Pfizer has Large R&amp;D Facility in Wuhan China; Pfizer Employed Members of the Chinese Communist Party According to a Data Lea‚Ä¶,,,,,,,,,,,,,,,,NEGATIVE
.@bp_plc is transforming its network to maintain business agility and data security with @Microsoft 365 Enterprise‚Ä¶ https://t.co/8kLk0dfsiY,,,,,,,,,,,,,,,,NEGATIVE
German ZEW economic sentiment data surprises to the upside https://t.co/MoGCSUOs1b #kitconews #gold #silver #mining‚Ä¶ https://t.co/ts0CefU299,,,,,,,,,,,,,,,,POSITIVE
RT @laralogan: Pfizer has Large R&amp;D Facility in Wuhan China; Pfizer Employed Members of the Chinese Communist Party According to a Data Lea‚Ä¶,,,,,,,,,,,,,,,,POSITIVE
RT @apki_baji2: Is there any student of CS/SE/IT ? Jis ne data mining ka course parh lia ho ?,,,,,,,,,,,,,,,,NEGATIVE
#BigDataSales #DataMining Data Mining using SAS and experts https://t.co/ejmjrUqi6y,,,,,,,,,,,,,,,,POSITIVE
"All my devices :

- Linux (Parrot OS or Ubuntu)
- Graphene OS 
- Tor Browser
- Location turned off
- Developer Mode‚Ä¶ https://t.co/GvFnCT4bN2",,,,,,,,,,,,,,,,POSITIVE
"CitiusTech is hiring: Data Engineer

Data Engineer / Technical Lead - II Longterm; Remote [can work from your curre‚Ä¶ https://t.co/cPN8CALpRf",,,,,,,,,,,,,,,,POSITIVE
"Track your cryptocurrency portfolio in an Excel Spreadsheet, with live pricing data https://t.co/JQZQnwWXBn
#BTC‚Ä¶ https://t.co/5NduOcoZxB",,,,,,,,,,,,,,,,NEGATIVE
"@NCrosshair @powerlifthodl @gummibear737 You don't need a data center to run a bitcoin node, I have one running in‚Ä¶ https://t.co/Trxxy3SinE",,,,,,,,,,,,,,,,NEGATIVE
"@lucyallan You have serious issues, we'll put aside the fact that it wasn't a majority of the country, it was about‚Ä¶ https://t.co/rjdFebG0wz",,,,,,,,,,,,,,,,POSITIVE
"RT @swashapp: Wondering how to earn rewards from your Swash tokens? ü§î

You can stake $SWASH on @Uniswap V3.

All you need to know üëá
https:/‚Ä¶",,,,,,,,,,,,,,,,POSITIVE
"RT @berry_data: üêãOne more member joined Berry Club - DMEX

@DMEX_finance is the world‚Äôs first decentralized mining power financial service‚Ä¶",,,,,,,,,,,,,,,,NEGATIVE
"RT @FazalHussain786: I am a freelancer. I want to be with you. You can visit my link and if you want you can order to me. Visit her:
https:‚Ä¶",,,,,,,,,,,,,,,,POSITIVE
#DeadByDaylight @DeadByBHVR is out here ranting about crows and old mining ghost towns. Maybe if we‚Äôre lucky we‚Äôll‚Ä¶ https://t.co/WrvLw7dqxB,,,,,,,,,,,,,,,,POSITIVE
Data Science for Business: What You Need to Know about Data Mining and Data-Analytic Thinking‚Ä¶ https://t.co/qjKu0tKUeB,,,,,,,,,,,,,,,,NEGATIVE
@NinoslavLatas pow pays for mining; pos for staking; get what you pay for so if you want to scale you have to bring‚Ä¶ https://t.co/uSHAtaBEvv,,,,,,,,,,,,,,,,POSITIVE
"RT @celsiusASX: #Copper demand ramps up. ""Inventories (in China) of the metal (copper)... fell to their lowest since June 2009.""

Read more‚Ä¶",,,,,,,,,,,,,,,,
I am a freelancer. I want to be with you. You can visit my link and if you want you can order to me. Visit her:‚Ä¶ https://t.co/verQmqIJvh,,,,,,,,,,,,,,,,NEGATIVE
"RT @janefagray: Roll up, roll up. Come hear how @Uber has transformed #customersatisfaction levels at scale through process mining and data‚Ä¶",,,,,,,,,,,,,,,,POSITIVE
"RT @ClubSignage: SigOpt AI &amp; HPC Summit, Nov 16 ‚Äì Virtual and Free https://t.co/tG3P8Eis43 #technology #ArtificialIntelligence 
@ClubSignag‚Ä¶",,,,,,,,,,,,,,,,-
"Roll up, roll up. Come hear how @Uber has transformed #customersatisfaction levels at scale through process mining‚Ä¶ https://t.co/VRkt17muPI",,,,,,,,,,,,,,,,POSITIVE
"RT @ClubSignage: SigOpt AI &amp; HPC Summit, Nov 16 ‚Äì Virtual and Free https://t.co/tG3P8Eis43 #technology #ArtificialIntelligence 
@ClubSignag‚Ä¶",,,,,,,,,,,,,,,,-
"RT @ClubSignage: SigOpt AI &amp; HPC Summit, Nov 16 ‚Äì Virtual and Free https://t.co/tG3P8Eis43 #technology #ArtificialIntelligence 
@ClubSignag‚Ä¶",,,,,,,,,,,,,,,,-
"SigOpt AI &amp; HPC Summit, Nov 16 ‚Äì Virtual and Free https://t.co/tG3P8Eis43 #technology #ArtificialIntelligence‚Ä¶ https://t.co/ajG8KjEmlO",,,,,,,,,,,,,,,,NEGATIVE
"RT @MonirHo28806005: Check it out! alamin__124 will do data entry, data mining, web research, an... for $5 on #Fiverr https://t.co/ot4WcK3Y‚Ä¶",,,,,,,,,,,,,,,,POSITIVE
"Chalice Mining (ASX:CHN) closed +28.51%. $CHN #investing #asx

CHN has around $52.61m of open short positions (8,10‚Ä¶ https://t.co/Zd68poq7ma",,,,,,,,,,,,,,,,-
"#Copper 4.4444 ‚¨ÜÔ∏è( 1.04% )

The US$1.2 trillion infrastructure bill and China‚Äôs record trade surplus for October he‚Ä¶ https://t.co/mANzhXvt8w",,,,,,,,,,,,,,,,-
"#IJDKP #WJCI indexed #datascience
#blockchain #bigdata #datamining  
International Journal of Data Mining &amp; Knowled‚Ä¶ https://t.co/EPGhjxhGAT",,,,,,,,,,,,,,,,-
RT @laralogan: Pfizer has Large R&amp;D Facility in Wuhan China; Pfizer Employed Members of the Chinese Communist Party According to a Data Lea‚Ä¶,,,,,,,,,,,,,,,,POSITIVE
The startup FACTIC gives a SaaS strategy that furnishes predictive analytics solutions for the food and beverage in‚Ä¶ https://t.co/Vd2uqsPof3,,,,,,,,,,,,,,,,NEGATIVE
RT @fayyazhere: Yours truly presents a 10-week module for data mining and machine learning for beginner and intermediate level data scienti‚Ä¶,,,,,,,,,,,,,,,,POSITIVE
RT @fayyazhere: Yours truly presents a 10-week module for data mining and machine learning for beginner and intermediate level data scienti‚Ä¶,,,,,,,,,,,,,,,,-
"RT @swashapp: Wondering how to earn rewards from your Swash tokens? ü§î

You can stake $SWASH on @Uniswap V3.

All you need to know üëá
https:/‚Ä¶",,,,,,,,,,,,,,,,-
"Sayona Mining (ASX:SYA) closed +3.33%. $SYA #investing #asx

SYA has around $8.16k of open short positions (51,000‚Ä¶ https://t.co/iT9AAv5rmB",,,,,,,,,,,,,,,,NEGATIVE
Markets Buoyed by Biden's US $1.2tn Bill + China Trade Data https://t.co/HVHm743X9O,,,,,,,,,,,,,,,,NEGATIVE
"7th International Conference on Data Mining and Database Management Systems (DMDBS 2021)
researchers who address th‚Ä¶ https://t.co/Hdn0rGS5D1",,,,,,,,,,,,,,,,-
RT @CladisticsAlert: OPEN ACCESS: Phylogeny of gracillariid leaf-mining moths: evolution of larval behaviour inferred from phylogenomic and‚Ä¶,,,,,,,,,,,,,,,,POSITIVE
"RT @swashapp: Wondering how to earn rewards from your Swash tokens? ü§î

You can stake $SWASH on @Uniswap V3.

All you need to know üëá
https:/‚Ä¶",,,,,,,,,,,,,,,,-
"RT @swashapp: Wondering how to earn rewards from your Swash tokens? ü§î

You can stake $SWASH on @Uniswap V3.

All you need to know üëá
https:/‚Ä¶",,,,,,,,,,,,,,,,-
RT @CladisticsAlert: OPEN ACCESS: Phylogeny of gracillariid leaf-mining moths: evolution of larval behaviour inferred from phylogenomic and‚Ä¶,,,,,,,,,,,,,,,,NEGATIVE
OPEN ACCESS: Phylogeny of gracillariid leaf-mining moths: evolution of larval behaviour inferred from phylogenomic‚Ä¶ https://t.co/l4HVxmwuYD,,,,,,,,,,,,,,,,NEGATIVE
"Veris Australia has been selected to provide surveying, pipeline design, data and GIS support services for a concen‚Ä¶ https://t.co/iK60nyVUyj",,,,,,,,,,,,,,,,POSITIVE
.@bp_plc is transforming its network to maintain business agility and data security with @Microsoft 365 Enterprise‚Ä¶ https://t.co/JI5yNrYGdg,,,,,,,,,,,,,,,,NEGATIVE
.@bp_plc is transforming its network to maintain business agility and data security with @Microsoft 365 Enterprise‚Ä¶ https://t.co/qSxHEQEtic,,,,,,,,,,,,,,,,POSITIVE
"RT @ETBrandEquity: #ETMartechAsia : Join 50+ Marketing Leaders to get the latest insights on Tools &amp; Stack for your #MarTech Roadmap.
We ar‚Ä¶",,,,,,,,,,,,,,,,POSITIVE
RT @laralogan: Pfizer has Large R&amp;D Facility in Wuhan China; Pfizer Employed Members of the Chinese Communist Party According to a Data Lea‚Ä¶,,,,,,,,,,,,,,,,POSITIVE
"Check out my Gig on #Fiverr: do #webscraping, #datamining and #automation https://t.co/0clA2iIV4G

I provide #bulk‚Ä¶ https://t.co/EgCdLR45PE",,,,,,,,,,,,,,,,NEGATIVE
#ETMartechAsia : Join 50+ Marketing Leaders to get the latest insights on Tools &amp; Stack for your #MarTech Roadmap.‚Ä¶ https://t.co/6KeL3ZWl9J,,,,,,,,,,,,,,,,NEGATIVE
RT @laralogan: Pfizer has Large R&amp;D Facility in Wuhan China; Pfizer Employed Members of the Chinese Communist Party According to a Data Lea‚Ä¶,,,,,,,,,,,,,,,,POSITIVE
RT @RoseAnnieFlo: Kerching. The @Mental_Elf isn't above promoting mh social media data-mining I see.  Is there a Principled Pixie in the wo‚Ä¶,,,,,,,,,,,,,,,,NEGATIVE
"RT @Datascience__: The Elements of Statistical Learning: Data Mining, Inference, and Prediction, Second Edition (Springer Series in Statist‚Ä¶",,,,,,,,,,,,,,,,NEGATIVE
"@fpl_addictive @OfficialFPL Considering selling Vardy. Wilson maybe. We'll see.

Working on optimizing the algo. Bu‚Ä¶ https://t.co/tJPsf8vFTD",,,,,,,,,,,,,,,,POSITIVE
RT @laralogan: Pfizer has Large R&amp;D Facility in Wuhan China; Pfizer Employed Members of the Chinese Communist Party According to a Data Lea‚Ä¶,,,,,,,,,,,,,,,,POSITIVE
RT @laralogan: Pfizer has Large R&amp;D Facility in Wuhan China; Pfizer Employed Members of the Chinese Communist Party According to a Data Lea‚Ä¶,,,,,,,,,,,,,,,,POSITIVE
Having managed to find Fascistbook's hoops that need to be jumped through (unfortunately a couple of things I'm try‚Ä¶ https://t.co/FWp2J6jQox,,,,,,,,,,,,,,,,POSITIVE
Text classification model using NLP https://t.co/408xgCqWfj The project is I'll provide the plant diseases related‚Ä¶ https://t.co/AVEVEtTaNC,,,,,,,,,,,,,,,,NEGATIVE
.@bp_plc is transforming its network to maintain business agility and data security with @Microsoft 365 Enterprise‚Ä¶ https://t.co/YJq0PS7sjz,,,,,,,,,,,,,,,,NEGATIVE
RT @KhandanAref: Kubernetes can be a valuable target for data and/or compute power theft. While data theft is traditionally the primary mot‚Ä¶,,,,,,,,,,,,,,,,NEGATIVE
"RT @DCLBlogger: It‚Äôs basically Facebook vs Us.

Would rather help build a true open Metaverse/collaborative space here over funnelling peop‚Ä¶",,,,,,,,,,,,,,,,-
RT @WMN4SRVL: People You May Know review ‚Äì data mining meets Christian fundamentalism https://t.co/Qj5bHJgPWc,,,,,,,,,,,,,,,,NEGATIVE
RT @sveurope: The CRISP-DM methodology provides a structured approach to planning a data mining project. It is a robust and well-proven met‚Ä¶,,,,,,,,,,,,,,,,NEGATIVE
"RT @swashapp: Wondering how to earn rewards from your Swash tokens? ü§î

You can stake $SWASH on @Uniswap V3.

All you need to know üëá
https:/‚Ä¶",,,,,,,,,,,,,,,,-
"RT @stoplapdspying: New first-look at our new AUTOMATING BANISHMENT report out today, from @JMBooyah

Read how LAPD and surveillance compan‚Ä¶",,,,,,,,,,,,,,,,-
Kubernetes can be a valuable target for data and/or compute power theft. While data theft is traditionally the prim‚Ä¶ https://t.co/5QEOd9bqEb,,,,,,,,,,,,,,,,NEGATIVE
24 hour CCTV recording is in operation at this station for the purpose of data mining and satisfying your social betters.,,,,,,,,,,,,,,,,POSITIVE
.@bp_plc is transforming its network to maintain business agility and data security with @Microsoft 365 Enterprise‚Ä¶ https://t.co/AiwruGLHQx,,,,,,,,,,,,,,,,POSITIVE
RT @laralogan: Pfizer has Large R&amp;D Facility in Wuhan China; Pfizer Employed Members of the Chinese Communist Party According to a Data Lea‚Ä¶,,,,,,,,,,,,,,,,NEGATIVE
"RT @RemoteTechJobs0: HCH Enterprises is hiring: COVID-19 Team Lead - Surveillance Data

Summary The Rhode Island Department of Health (RIDO‚Ä¶",,,,,,,,,,,,,,,,-
RT @laralogan: Pfizer has Large R&amp;D Facility in Wuhan China; Pfizer Employed Members of the Chinese Communist Party According to a Data Lea‚Ä¶,,,,,,,,,,,,,,,,POSITIVE
RT @TradingAllIn: EnviDa Launches Blockchain-Powered Environmental Data Tracking And Mobile Crypto Mining Technology https://t.co/LvUO4P4PY‚Ä¶,,,,,,,,,,,,,,,,NEGATIVE
"RT @swashapp: Wondering how to earn rewards from your Swash tokens? ü§î

You can stake $SWASH on @Uniswap V3.

All you need to know üëá
https:/‚Ä¶",,,,,,,,,,,,,,,,-
RT @laralogan: Pfizer has Large R&amp;D Facility in Wuhan China; Pfizer Employed Members of the Chinese Communist Party According to a Data Lea‚Ä¶,,,,,,,,,,,,,,,,POSITIVE
"Check out the news about EnviDa on BTCPeers üëáüèº
https://t.co/ox1lV39v4a",,,,,,,,,,,,,,,,NEGATIVE
"HCH Enterprises is hiring: COVID-19 Team Lead - Surveillance Data

Summary The Rhode Island Department of Health (R‚Ä¶ https://t.co/YZhdNpXGof",,,,,,,,,,,,,,,,-
Social media has gained popularity in the past few years and many marketers have questioned the use of these platfo‚Ä¶ https://t.co/MnzqeijQS9,,,,,,,,,,,,,,,,POSITIVE
"Hi There, 
I am successfully working for data entry jobs. Customer satisfaction is my goal.
I will try to give my b‚Ä¶ https://t.co/LfqCSURFic",,,,,,,,,,,,,,,,POSITIVE
"Hi There, 
I am successfully working for data entry jobs. Customer satisfaction is my goal.
I will try to give my b‚Ä¶ https://t.co/LaFEKLTAgx",,,,,,,,,,,,,,,,POSITIVE
"Hi There, 
I am successfully working for data entry jobs. Customer satisfaction is my goal.
I will try to give my b‚Ä¶ https://t.co/Ni5Y9rNGA8",,,,,,,,,,,,,,,,POSITIVE
"Hi There, 
I am successfully working for data entry jobs. Customer satisfaction is my goal.
I will try to give my b‚Ä¶ https://t.co/GYWAlEQU0i",,,,,,,,,,,,,,,,POSITIVE
"Hi There, 
I am successfully working for data entry jobs. Customer satisfaction is my goal.
I will try to give my b‚Ä¶ https://t.co/qAJ6CkmtqR",,,,,,,,,,,,,,,,POSITIVE
"Hi There, 
I am successfully working for data entry jobs. Customer satisfaction is my goal.
I will try to give my b‚Ä¶ https://t.co/y1LDhWXazk",,,,,,,,,,,,,,,,POSITIVE
"Hi There, 
I am successfully working for data entry jobs. Customer satisfaction is my goal.
I will try to give my b‚Ä¶ https://t.co/VzOLIOsNm1",,,,,,,,,,,,,,,,POSITIVE
"Hi There, 
I am successfully working for data entry jobs. Customer satisfaction is my goal.
I will try to give my b‚Ä¶ https://t.co/ThVzMlD6Ex",,,,,,,,,,,,,,,,POSITIVE
"Hi There, 
I am successfully working for data entry jobs. Customer satisfaction is my goal.
I will try to give my b‚Ä¶ https://t.co/oCjrEN0LZJ",,,,,,,,,,,,,,,,POSITIVE
"Hi There, 
I am successfully working for data entry jobs. Customer satisfaction is my goal.
I will try to give my b‚Ä¶ https://t.co/6VGrpzBE2e",,,,,,,,,,,,,,,,POSITIVE
"RT @SpiderPool_com: Mining data broadcastÔºöEthereum's network hashrate increase 3.51% today.
#Ethereum #ETH https://t.co/vNTcsgyGYI",,,,,,,,,,,,,,,,-
RT @laralogan: Pfizer has Large R&amp;D Facility in Wuhan China; Pfizer Employed Members of the Chinese Communist Party According to a Data Lea‚Ä¶,,,,,,,,,,,,,,,,NEGATIVE
"RT @GGGEORGEGGGG: People who think scalability is a matter of TPS speed are ngmi. For Web3 scale means data throughput, and that‚Äôs why you‚Ä¶",,,,,,,,,,,,,,,,POSITIVE
"RT @Mars_Labs: We are currently working on the last bug test and data verification of the Mars Mining App, and it will be registered in the‚Ä¶",,,,,,,,,,,,,,,,NEGATIVE
"From KalkineMediaComAu "" Kelly Partners (ASX:KPG) to acquire a Penrith-based accounting firm "" published 9/11/2021‚Ä¶ https://t.co/PStSrvZF7s",,,,,,,,,,,,,,,,NEGATIVE
#PrivateInsurance Administering #MedicareAdvantage Once Again Defrauding Americans Out Of Our Life Long Contributio‚Ä¶ https://t.co/KyF8WH395r,,,,,,,,,,,,,,,,POSITIVE
"https://t.co/QOdKa4YxM0

This one has code that I wrote for my data mining paper. It also has a couple of cool proj‚Ä¶ https://t.co/EJFM5pFWvJ",,,,,,,,,,,,,,,,NEGATIVE
